time (s);Kick-scooter;Bicycle <25km;Bicycle <45km;Bicycle cargo;Moped <4kW;Scooter <4kW;Scooter 4-11kW;Motorcycle 4-11kW;Motorcycle 11-35kW;Motorcycle >35kW
1;0;0;0;0;0;0;0;0;0;0
2;0;0;0;0;0;0;0;0;0;0
3;0;0;0;0;0;0;0;0;0;0
4;0;0;0;0;0;0;0;0;0;0
5;0;0;0;0;0;0;0;0;0;0
6;0;0;0;0;0;0;0;0;0;0
7;0;0;0;0;0;0;0;0;0;0
8;0;0;0;0;0;0;0;0;0;0
9;0;0;0;0;0;0;0;0;0;0
10;0;0;0;0;0;0;0;0;0;0
11;0;0;0;0;0;0;0;0;0;0
12;0;0;0;0;0;0;0;0;0;0
13;0;0;0;0;0;0;0;0;0;0
14;0;0;0;0;0;0;0;0;0;0
15;0;0;0;0;0;0;0;0;0;0
16;0;0;0;0;0;0;0;0;0;0
17;0;0;0;0;0;0;0;0;0;0
18;0;0;0;0;0;0;0;0;0;0
19;0;0;0;0;0;0;0;0;0;0
20;0;0;0;0;0;0;0;0;0;0
21;0;0;0;0;0;0;0;0;0;0
22;0.5;0.5;0.9;0.5;1;1;1;1;1;1
23;1.3;1.3;2.34;1.3;2.6;2.6;2.6;2.6;2.6;2.6
24;2.4;2.4;4.32;2.4;4.8;4.8;4.8;4.8;4.8;4.8
25;3.6;3.6;6.48;3.6;7.2;7.2;7.2;7.2;7.2;7.2
26;4.8;4.8;8.64;4.8;9.6;9.6;9.6;9.6;9.6;9.6
27;6;6;10.8;6;12;12;12;12;12;12
28;7.15;7.15;12.87;7.15;14.3;14.3;14.3;14.3;14.3;14.3
29;8.3;8.3;14.94;8.3;16.6;16.6;16.6;16.6;16.6;16.6
30;9.45;9.45;17.01;9.45;18.9;18.9;18.9;18.9;18.9;18.9
31;10.6;10.6;19.08;10.6;21.2;21.2;21.2;21.2;21.2;21.2
32;11.75;11.75;21.15;11.75;23.5;23.5;23.5;23.5;23.5;23.5
33;12.8;12.8;23.04;12.8;25.6;25.6;25.6;25.6;25.6;25.6
34;13.55;13.55;24.39;13.55;27.1;27.1;27.1;27.1;27.1;27.1
35;14;14;25.2;14;28;28;28;28;28;28
36;14.35;14.35;25.83;14.35;28.7;28.7;28.7;28.7;28.7;28.7
37;14.6;14.6;26.28;14.6;29.2;29.2;29.2;29.2;29.2;29.2
38;14.9;14.9;26.82;14.9;29.8;29.8;29.8;29.8;29.8;29.8
39;15.15;15.15;27.27;15.15;30.3;30.3;30.3;30.3;30.4;30.4
40;14.8;14.8;26.64;14.8;29.6;29.6;29.6;29.6;29.6;29.6
41;14.35;14.35;25.83;14.35;28.7;28.7;28.7;28.7;28.7;28.7
42;13.95;13.95;25.11;13.95;27.9;27.9;27.9;27.9;27.9;27.9
43;13.7;13.7;24.66;13.7;27.4;27.4;27.4;27.4;27.5;27.5
44;13.65;13.65;24.57;13.65;27.3;27.3;27.3;27.3;27.3;27.3
45;13.65;13.65;24.57;13.65;27.3;27.3;27.3;27.3;27.4;27.4
46;13.7;13.7;24.66;13.7;27.4;27.4;27.4;27.4;27.5;27.5
47;13.75;13.75;24.75;13.75;27.5;27.5;27.5;27.5;27.6;27.6
48;13.8;13.8;24.84;13.8;27.6;27.6;27.6;27.6;27.6;27.6
49;13.8;13.8;24.84;13.8;27.6;27.6;27.6;27.6;27.6;27.6
50;13.8;13.8;24.84;13.8;27.6;27.6;27.6;27.6;27.7;27.7
51;13.9;13.9;25.02;13.9;27.8;27.8;27.8;27.8;27.8;27.8
52;14.05;14.05;25.29;14.05;28.1;28.1;28.1;28.1;28.1;28.1
53;14.25;14.25;25.65;14.25;28.5;28.5;28.5;28.5;28.6;28.6
54;14.45;14.45;26.01;14.45;28.9;28.9;28.9;28.9;29;29
55;14.6;14.6;26.28;14.6;29.2;29.2;29.2;29.2;29.2;29.2
56;14.7;14.7;26.46;14.7;29.4;29.4;29.4;29.4;29.5;29.5
57;14.85;14.85;26.73;14.85;29.7;29.7;29.7;29.7;29.7;29.7
58;15;15;27;15;30;30;30;30;30.1;30.1
59;15.25;15.25;27.45;15.25;30.5;30.5;30.5;30.5;30.5;30.5
60;15.3;15.3;27.54;15.3;30.6;30.6;30.6;30.6;30.7;30.7
61;14.8;14.8;26.64;14.8;29.6;29.6;29.6;29.6;29.7;29.7
62;13.45;13.45;24.21;13.45;26.9;26.9;26.9;26.9;27;27
63;11.5;11.5;20.7;11.5;23;23;23;23;23;23
64;9.3;9.3;16.74;9.3;18.6;18.6;18.6;18.6;18.7;18.7
65;7.05;7.05;12.69;7.05;14.1;14.1;14.1;14.1;14.2;14.2
66;4.65;4.65;8.37;4.65;9.3;9.3;9.3;9.3;9.4;9.4
67;2.4;2.4;4.32;2.4;4.8;4.8;4.8;4.8;4.9;4.9
68;0.95;0.95;1.71;0.95;1.9;1.9;1.9;1.9;2;2
69;0;0;0;0;0;0;0;0;0;0
70;0;0;0;0;0;0;0;0;0;0
71;0;0;0;0;0;0;0;0;0;0
72;0;0;0;0;0;0;0;0;0;0
73;0;0;0;0;0;0;0;0;0;0
74;0.85;0.85;1.53;0.85;1.7;1.7;1.7;1.7;1.7;1.7
75;2.9;2.9;5.22;2.9;5.8;5.8;5.8;5.8;5.8;5.8
76;5.9;5.9;10.62;5.9;11.8;11.8;11.8;11.8;11.8;11.8
77;8.65;8.65;15.57;8.65;17.3;17.3;17.3;17.3;18.3;18.3
78;11;11;19.8;11;22;22;22;22;24.5;24.5
79;13.1;13.1;23.58;13.1;26.2;26.2;26.2;26.2;29.4;29.4
80;14.7;14.7;26.46;14.7;29.4;29.4;29.4;29.4;32.5;32.5
81;15.55;15.55;27.99;15.55;31.1;31.1;31.1;31.1;34.2;34.2
82;16.45;16.45;29.61;16.45;32.9;32.9;32.9;32.9;34.4;34.4
83;17.35;17.35;31.23;17.35;34.7;34.7;34.7;34.7;34.5;34.5
84;17.4;17.4;31.32;17.4;34.8;34.8;34.8;34.8;34.6;34.6
85;17.4;17.4;31.32;17.4;34.8;34.8;34.8;34.8;34.7;34.7
86;17.45;17.45;31.41;17.45;34.9;34.9;34.9;34.9;34.8;34.8
87;17.7;17.7;31.86;17.7;35.4;35.4;35.4;35.4;35.2;35.2
88;18.1;18.1;32.58;18.1;36.2;36.2;36.2;36.2;36;36
89;18.55;18.55;33.39;18.55;37.1;37.1;37.1;37.1;37;37
90;19;19;34.2;19;38;38;38;38;37.9;37.9
91;19.35;19.35;34.83;19.35;38.7;38.7;38.7;38.7;38.6;38.6
92;19.45;19.45;35.01;19.45;38.9;38.9;38.9;38.9;38.8;38.8
93;19.45;19.45;35.01;19.45;38.9;38.9;38.9;38.9;38.8;38.8
94;19.4;19.4;34.92;19.4;38.8;38.8;38.8;38.8;38.7;38.7
95;19.25;19.25;34.65;19.25;38.5;38.5;38.5;38.5;38.5;38.5
96;19.05;19.05;34.29;19.05;38.1;38.1;38.1;38.1;38;38
97;18.75;18.75;33.75;18.75;37.5;37.5;37.5;37.5;37.4;37.4
98;18.5;18.5;33.3;18.5;37;37;37;37;36.9;36.9
99;18.35;18.35;33.03;18.35;36.7;36.7;36.7;36.7;36.6;36.6
100;18.25;18.25;32.85;18.25;36.5;36.5;36.5;36.5;36.4;36.4
101;18.25;18.25;32.85;18.25;36.5;36.5;36.5;36.5;36.4;36.4
102;18.3;18.3;32.94;18.3;36.6;36.6;36.6;36.6;36.5;36.5
103;18.4;18.4;33.12;18.4;36.8;36.8;36.8;36.8;36.7;36.7
104;18.5;18.5;33.3;18.5;37;37;37;37;36.9;36.9
105;18.55;18.55;33.39;18.55;37.1;37.1;37.1;37.1;37;37
106;18.65;18.65;33.57;18.65;37.3;37.3;37.3;37.3;37.2;37.2
107;18.7;18.7;33.66;18.7;37.4;37.4;37.4;37.4;37.3;37.3
108;18.75;18.75;33.75;18.75;37.5;37.5;37.5;37.5;37.4;37.4
109;18.7;18.7;33.66;18.7;37.4;37.4;37.4;37.4;37.3;37.3
110;18.45;18.45;33.21;18.45;36.9;36.9;36.9;36.9;36.8;36.8
111;18;18;32.4;18;36;36;36;36;35.8;35.8
112;17.4;17.4;31.32;17.4;34.8;34.8;34.8;34.8;34.7;34.7
113;15.95;15.95;28.71;15.95;31.9;31.9;31.9;31.9;31.8;31.8
114;14.5;14.5;26.1;14.5;29;29;29;29;28.9;28.9
115;13.45;13.45;24.21;13.45;26.9;26.9;26.9;26.9;26.7;26.7
116;12.35;12.35;22.23;12.35;24.7;24.7;24.7;24.7;24.6;24.6
117;12.7;12.7;22.86;12.7;25.4;25.4;25.4;25.4;25.2;25.2
118;13.2;13.2;23.76;13.2;26.4;26.4;26.4;26.4;26.2;26.2
119;13.85;13.85;24.93;13.85;27.7;27.7;27.7;27.7;27.6;27.6
120;14.7;14.7;26.46;14.7;29.4;29.4;29.4;29.4;29.2;29.2
121;15.6;15.6;28.08;15.6;31.2;31.2;31.2;31.2;31;31
122;16.5;16.5;29.7;16.5;33;33;33;33;32.8;32.8
123;17.2;17.2;30.96;17.2;34.4;34.4;34.4;34.4;34.3;34.3
124;17.6;17.6;31.68;17.6;35.2;35.2;35.2;35.2;35.1;35.1
125;17.7;17.7;31.86;17.7;35.4;35.4;35.4;35.4;35.3;35.3
126;17.6;17.6;31.68;17.6;35.2;35.2;35.2;35.2;35.1;35.1
127;17.35;17.35;31.23;17.35;34.7;34.7;34.7;34.7;34.6;34.6
128;16.95;16.95;30.51;16.95;33.9;33.9;33.9;33.9;33.7;33.7
129;16.2;16.2;29.16;16.2;32.4;32.4;32.4;32.4;32.2;32.2
130;14.9;14.9;26.82;14.9;29.8;29.8;29.8;29.8;29.6;29.6
131;13.05;13.05;23.49;13.05;26.1;26.1;26.1;26.1;26;26
132;11.05;11.05;19.89;11.05;22.1;22.1;22.1;22.1;22;22
133;9.3;9.3;16.74;9.3;18.6;18.6;18.6;18.6;18.5;18.5
134;8.4;8.4;15.12;8.4;16.8;16.8;16.8;16.8;16.6;16.6
135;8.85;8.85;15.93;8.85;17.7;17.7;17.7;17.7;17.6;17.6
136;10.55;10.55;18.99;10.55;21.1;21.1;21.1;21.1;21;21
137;12.7;12.7;22.86;12.7;25.4;25.4;25.4;25.4;25.2;25.2
138;14.6;14.6;26.28;14.6;29.2;29.2;29.2;29.2;29.1;29.1
139;15.8;15.8;28.44;15.8;31.6;31.6;31.6;31.6;31.4;31.4
140;16.05;16.05;28.89;16.05;32.1;32.1;32.1;32.1;31.9;31.9
141;15.8;15.8;28.44;15.8;31.6;31.6;31.6;31.6;31.4;31.4
142;15.35;15.35;27.63;15.35;30.7;30.7;30.7;30.7;30.6;30.6
143;14.85;14.85;26.73;14.85;29.7;29.7;29.7;29.7;29.5;29.5
144;14.05;14.05;25.29;14.05;28.1;28.1;28.1;28.1;28;28
145;12.5;12.5;22.5;12.5;25;25;25;25;24.9;24.9
146;10.15;10.15;18.27;10.15;20.3;20.3;20.3;20.3;20.2;20.2
147;7.5;7.5;13.5;7.5;15;15;15;15;14.8;14.8
148;4.85;4.85;8.73;4.85;9.7;9.7;9.7;9.7;9.5;9.5
149;2.5;2.5;4.5;2.5;5;5;5;5;4.8;4.8
150;0.8;0.8;1.44;0.8;1.6;1.6;1.6;1.6;1.4;1.4
151;0;0;0;0;0;0;0;0;0;0
152;0;0;0;0;0;0;0;0;0;0
153;0;0;0;0;0;0;0;0;0;0
154;0;0;0;0;0;0;0;0;0;0
155;0;0;0;0;0;0;0;0;0;0
156;0;0;0;0;0;0;0;0;0;0
157;0;0;0;0;0;0;0;0;0;0
158;0;0;0;0;0;0;0;0;0;0
159;0;0;0;0;0;0;0;0;0;0
160;0;0;0;0;0;0;0;0;0;0
161;0;0;0;0;0;0;0;0;0;0
162;0;0;0;0;0;0;0;0;0;0
163;0;0;0;0;0;0;0;0;0;0
164;0;0;0;0;0;0;0;0;0;0
165;0;0;0;0;0;0;0;0;0;0
166;0;0;0;0;0;0;0;0;0;0
167;0;0;0;0;0;0;0;0;0;0
168;0;0;0;0;0;0;0;0;0;0
169;0;0;0;0;0;0;0;0;0;0
170;0;0;0;0;0;0;0;0;0;0
171;0;0;0;0;0;0;0;0;0;0
172;0;0;0;0;0;0;0;0;0;0
173;0;0;0;0;0;0;0;0;0;0
174;0;0;0;0;0;0;0;0;0;0
175;0;0;0;0;0;0;0;0;0;0
176;0;0;0;0;0;0;0;0;0;0
177;0;0;0;0;0;0;0;0;0;0
178;0;0;0;0;0;0;0;0;0;0
179;0;0;0;0;0;0;0;0;0;0
180;0;0;0;0;0;0;0;0;0;0
181;0;0;0;0;0;0;0;0;0;0
182;0;0;0;0;0;0;0;0;0;0
183;0;0;0;0;0;0;0;0;2;2
184;0;0;0;0;0;0;0;0;6;6
185;0.2;0.2;0.36;0.2;0.4;0.4;0.4;0.4;12.4;12.4
186;0.9;0.9;1.62;0.9;1.8;1.8;1.8;1.8;21.4;21.4
187;2.7;2.7;4.86;2.7;5.4;5.4;5.4;5.4;30;30
188;5.55;5.55;9.99;5.55;11.1;11.1;11.1;11.1;37.1;37.1
189;8.35;8.35;15.03;8.35;16.7;16.7;16.7;16.7;42.5;42.5
190;10.65;10.65;19.17;10.65;21.3;21.3;21.3;21.3;46.6;46.6
191;12.4;12.4;22.32;12.4;24.8;24.8;24.8;24.8;49.8;49.8
192;14.2;14.2;25.56;14.2;28.4;28.4;28.4;28.4;52.4;52.4
193;15.9;15.9;28.62;15.9;31.8;31.8;31.8;31.8;54.4;54.4
194;17.3;17.3;31.14;17.3;34.6;34.6;34.6;34.6;55.6;55.6
195;18.15;18.15;32.67;18.15;36.3;36.3;36.3;36.3;56.1;56.1
196;18.9;18.9;34.02;18.9;37.8;37.8;37.8;37.8;56.2;56.2
197;19.8;19.8;35.64;19.8;39.6;39.6;39.6;39.6;56.2;56.2
198;20.65;20.65;37.17;20.65;41.3;41.3;41.3;41.3;56.2;56.2
199;21.65;21.65;38.97;21.65;43.3;43.3;43.3;43.3;56.7;56.7
200;22.55;22.55;40.59;22.55;45.1;45.1;45.1;45.1;57.2;57.2
201;23.75;23.75;42.75;23.75;47.5;47.5;47.5;47.5;57.7;57.7
202;24.5;24.5;44.1;24.5;49;49;49;49;58.2;58.2
203;25;25;45;25;50;50;50;50;58.7;58.7
204;24.75;24.75;44.55;24.75;49.5;49.5;49.5;49.5;59.3;59.3
205;24.4;24.4;43.92;24.4;48.8;48.8;48.8;48.8;59.8;59.8
206;23.8;23.8;42.84;23.8;47.6;47.6;47.6;47.6;60;60
207;23.25;23.25;41.85;23.25;46.5;46.5;46.5;46.5;60;60
208;23.05;23.05;41.49;23.05;46.1;46.1;46.1;46.1;59.9;59.9
209;23.05;23.05;41.49;23.05;46.1;46.1;46.1;46.1;59.9;59.9
210;23.3;23.3;41.94;23.3;46.6;46.6;46.6;46.6;59.9;59.9
211;23.45;23.45;42.21;23.45;46.9;46.9;46.9;46.9;59.9;59.9
212;23.6;23.6;42.48;23.6;47.2;47.2;47.2;47.2;59.9;59.9
213;23.9;23.9;43.02;23.9;47.8;47.8;47.8;47.8;59.8;59.8
214;24.2;24.2;43.56;24.2;48.4;48.4;48.4;48.4;59.6;59.6
215;24.45;24.45;44.01;24.45;48.9;48.9;48.9;48.9;59.1;59.1
216;24.6;24.6;44.28;24.6;49.2;49.2;49.2;49.2;57.1;57.1
217;24.8;24.8;44.64;24.8;49.6;49.6;49.6;49.6;53.2;53.2
218;24.95;24.95;44.91;24.95;49.9;49.9;49.9;49.9;48.3;48.3
219;25;25;45;25;50;50;50;50;43.9;43.9
220;24.9;24.9;44.82;24.9;49.8;49.8;49.8;49.8;40.3;40.3
221;24.75;24.75;44.55;24.75;49.5;49.5;49.5;49.5;39.5;39.5
222;24.6;24.6;44.28;24.6;49.2;49.2;49.2;49.2;41.3;41.3
223;24.65;24.65;44.37;24.65;49.3;49.3;49.3;49.3;45.2;45.2
224;24.7;24.7;44.46;24.7;49.4;49.4;49.4;49.4;50.1;50.1
225;24.7;24.7;44.46;24.7;49.4;49.4;49.4;49.4;53.7;53.7
226;24.3;24.3;43.74;24.3;48.6;48.6;48.6;48.6;55.8;55.8
227;23.9;23.9;43.02;23.9;47.8;47.8;47.8;47.8;55.8;55.8
228;23.5;23.5;42.3;23.5;47;47;47;47;54.7;54.7
229;23.45;23.45;42.21;23.45;46.9;46.9;46.9;46.9;53.3;53.3
230;23.3;23.3;41.94;23.3;46.6;46.6;46.6;46.6;52.3;52.3
231;23.3;23.3;41.94;23.3;46.6;46.6;46.6;46.6;52;52
232;23.3;23.3;41.94;23.3;46.6;46.6;46.6;46.6;52.1;52.1
233;23.45;23.45;42.21;23.45;46.9;46.9;46.9;46.9;51.8;51.8
234;23.2;23.2;41.76;23.2;46.4;46.4;46.4;46.4;50.8;50.8
235;22.8;22.8;41.04;22.8;45.6;45.6;45.6;45.6;49.2;49.2
236;22.2;22.2;39.96;22.2;44.4;44.4;44.4;44.4;47.5;47.5
237;21.75;21.75;39.15;21.75;43.5;43.5;43.5;43.5;45.7;45.7
238;21.6;21.6;38.88;21.6;43.2;43.2;43.2;43.2;43.9;43.9
239;21.65;21.65;38.97;21.65;43.3;43.3;43.3;43.3;42;42
240;21.85;21.85;39.33;21.85;43.7;43.7;43.7;43.7;40.2;40.2
241;21.95;21.95;39.51;21.95;43.9;43.9;43.9;43.9;38.3;38.3
242;21.9;21.9;39.42;21.9;43.8;43.8;43.8;43.8;36.4;36.4
243;21.5;21.5;38.7;21.5;43;43;43;43;34.6;34.6
244;20.45;20.45;36.81;20.45;40.9;40.9;40.9;40.9;32.7;32.7
245;18.45;18.45;33.21;18.45;36.9;36.9;36.9;36.9;30.6;30.6
246;16.05;16.05;28.89;16.05;32.1;32.1;32.1;32.1;28.1;28.1
247;13.3;13.3;23.94;13.3;26.6;26.6;26.6;26.6;25.5;25.5
248;10.9;10.9;19.62;10.9;21.8;21.8;21.8;21.8;23.1;23.1
249;8.6;8.6;15.48;8.6;17.2;17.2;17.2;17.2;21.2;21.2
250;6.85;6.85;12.33;6.85;13.7;13.7;13.7;13.7;19.5;19.5
251;5.15;5.15;9.27;5.15;10.3;10.3;10.3;10.3;17.8;17.8
252;3.5;3.5;6.3;3.5;7;7;7;7;15.3;15.3
253;1.75;1.75;3.15;1.75;3.5;3.5;3.5;3.5;11.5;11.5
254;0;0;0;0;0;0;0;0;7.2;7.2
255;0;0;0;0;0;0;0;0;2.5;2.5
256;0;0;0;0;0;0;0;0;0;0
257;0;0;0;0;0;0;0;0;0;0
258;0;0;0;0;0;0;0;0;0;0
259;0;0;0;0;0;0;0;0;0;0
260;0;0;0;0;0;0;0;0;0;0
261;0;0;0;0;0;0;0;0;0;0
262;0;0;0;0;0;0;0;0;0;0
263;0;0;0;0;0;0;0;0;0;0
264;0;0;0;0;0;0;0;0;0;0
265;0;0;0;0;0;0;0;0;0;0
266;0;0;0;0;0;0;0;0;0;0
267;0.25;0.25;0.45;0.25;0.5;0.5;0.5;0.5;0.5;0.5
268;1.45;1.45;2.61;1.45;2.9;2.9;2.9;2.9;2.9;2.9
269;4.1;4.1;7.38;4.1;8.2;8.2;8.2;8.2;8.2;8.2
270;6.6;6.6;11.88;6.6;13.2;13.2;13.2;13.2;13.2;13.2
271;8.9;8.9;16.02;8.9;17.8;17.8;17.8;17.8;17.8;17.8
272;10.7;10.7;19.26;10.7;21.4;21.4;21.4;21.4;21.4;21.4
273;12.05;12.05;21.69;12.05;24.1;24.1;24.1;24.1;24.1;24.1
274;13.2;13.2;23.76;13.2;26.4;26.4;26.4;26.4;26.4;26.4
275;14.2;14.2;25.56;14.2;28.4;28.4;28.4;28.4;28.4;28.4
276;14.95;14.95;26.91;14.95;29.9;29.9;29.9;29.9;29.9;29.9
277;15.25;15.25;27.45;15.25;30.5;30.5;30.5;30.5;30.5;30.5
278;15.25;15.25;27.45;15.25;30.5;30.5;30.5;30.5;30.5;30.5
279;15.15;15.15;27.27;15.15;30.3;30.3;30.3;30.3;30.3;30.3
280;15.1;15.1;27.18;15.1;30.2;30.2;30.2;30.2;30.2;30.2
281;15.05;15.05;27.09;15.05;30.1;30.1;30.1;30.1;30.1;30.1
282;15.05;15.05;27.09;15.05;30.1;30.1;30.1;30.1;30.1;30.1
283;15.05;15.05;27.09;15.05;30.1;30.1;30.1;30.1;30.1;30.1
284;15.1;15.1;27.18;15.1;30.2;30.2;30.2;30.2;30.1;30.1
285;15.1;15.1;27.18;15.1;30.2;30.2;30.2;30.2;30.1;30.1
286;15.1;15.1;27.18;15.1;30.2;30.2;30.2;30.2;30.1;30.1
287;15.1;15.1;27.18;15.1;30.2;30.2;30.2;30.2;30.2;30.2
288;15.25;15.25;27.45;15.25;30.5;30.5;30.5;30.5;30.4;30.4
289;15.5;15.5;27.9;15.5;31;31;31;31;31;31
290;15.95;15.95;28.71;15.95;31.9;31.9;31.9;31.9;31.8;31.8
291;16.4;16.4;29.52;16.4;32.8;32.8;32.8;32.8;32.7;32.7
292;16.85;16.85;30.33;16.85;33.7;33.7;33.7;33.7;33.6;33.6
293;17.25;17.25;31.05;17.25;34.5;34.5;34.5;34.5;34.4;34.4
294;17.55;17.55;31.59;17.55;35.1;35.1;35.1;35.1;35;35
295;17.75;17.75;31.95;17.75;35.5;35.5;35.5;35.5;35.4;35.4
296;17.8;17.8;32.04;17.8;35.6;35.6;35.6;35.6;35.5;35.5
297;17.7;17.7;31.86;17.7;35.4;35.4;35.4;35.4;35.3;35.3
298;17.5;17.5;31.5;17.5;35;35;35;35;34.9;34.9
299;17;17;30.6;17;34;34;34;34;33.9;33.9
300;16.2;16.2;29.16;16.2;32.4;32.4;32.4;32.4;32.4;32.4
301;15.3;15.3;27.54;15.3;30.6;30.6;30.6;30.6;30.6;30.6
302;14.5;14.5;26.1;14.5;29;29;29;29;28.9;28.9
303;13.9;13.9;25.02;13.9;27.8;27.8;27.8;27.8;27.8;27.8
304;13.6;13.6;24.48;13.6;27.2;27.2;27.2;27.2;27.2;27.2
305;13.45;13.45;24.21;13.45;26.9;26.9;26.9;26.9;26.9;26.9
306;13.25;13.25;23.85;13.25;26.5;26.5;26.5;26.5;26.5;26.5
307;13.05;13.05;23.49;13.05;26.1;26.1;26.1;26.1;26.1;26.1
308;12.85;12.85;23.13;12.85;25.7;25.7;25.7;25.7;25.7;25.7
309;12.75;12.75;22.95;12.75;25.5;25.5;25.5;25.5;25.5;25.5
310;12.85;12.85;23.13;12.85;25.7;25.7;25.7;25.7;25.7;25.7
311;13.2;13.2;23.76;13.2;26.4;26.4;26.4;26.4;26.4;26.4
312;13.65;13.65;24.57;13.65;27.3;27.3;27.3;27.3;27.3;27.3
313;14.05;14.05;25.29;14.05;28.1;28.1;28.1;28.1;28.1;28.1
314;13.95;13.95;25.11;13.95;27.9;27.9;27.9;27.9;27.9;27.9
315;13;13;23.4;13;26;26;26;26;26;26
316;11.35;11.35;20.43;11.35;22.7;22.7;22.7;22.7;22.7;22.7
317;9.5;9.5;17.1;9.5;19;19;19;19;19;19
318;8;8;14.4;8;16;16;16;16;16;16
319;7.3;7.3;13.14;7.3;14.6;14.6;14.6;14.6;14.6;14.6
320;7.6;7.6;13.68;7.6;15.2;15.2;15.2;15.2;15.2;15.2
321;8.45;8.45;15.21;8.45;16.9;16.9;16.9;16.9;16.9;16.9
322;9.65;9.65;17.37;9.65;19.3;19.3;19.3;19.3;19.3;19.3
323;11;11;19.8;11;22;22;22;22;22;22
324;12.3;12.3;22.14;12.3;24.6;24.6;24.6;24.6;24.6;24.6
325;13.4;13.4;24.12;13.4;26.8;26.8;26.8;26.8;26.8;26.8
326;13.95;13.95;25.11;13.95;27.9;27.9;27.9;27.9;27.9;27.9
327;14;14;25.2;14;28;28;28;28;28.1;28.1
328;13.85;13.85;24.93;13.85;27.7;27.7;27.7;27.7;27.7;27.7
329;13.55;13.55;24.39;13.55;27.1;27.1;27.1;27.1;27.2;27.2
330;13.4;13.4;24.12;13.4;26.8;26.8;26.8;26.8;26.8;26.8
331;13.3;13.3;23.94;13.3;26.6;26.6;26.6;26.6;26.6;26.6
332;13.4;13.4;24.12;13.4;26.8;26.8;26.8;26.8;26.8;26.8
333;13.5;13.5;24.3;13.5;27;27;27;27;27;27
334;13.6;13.6;24.48;13.6;27.2;27.2;27.2;27.2;27.2;27.2
335;13.7;13.7;24.66;13.7;27.4;27.4;27.4;27.4;27.4;27.4
336;13.75;13.75;24.75;13.75;27.5;27.5;27.5;27.5;27.6;27.6
337;13.85;13.85;24.93;13.85;27.7;27.7;27.7;27.7;27.7;27.7
338;13.95;13.95;25.11;13.95;27.9;27.9;27.9;27.9;27.9;27.9
339;14.05;14.05;25.29;14.05;28.1;28.1;28.1;28.1;28.1;28.1
340;14.15;14.15;25.47;14.15;28.3;28.3;28.3;28.3;28.3;28.3
341;14.3;14.3;25.74;14.3;28.6;28.6;28.6;28.6;28.6;28.6
342;14.55;14.55;26.19;14.55;29.1;29.1;29.1;29.1;29;29
343;14.8;14.8;26.64;14.8;29.6;29.6;29.6;29.6;29.6;29.6
344;15.05;15.05;27.09;15.05;30.1;30.1;30.1;30.1;30.1;30.1
345;15.3;15.3;27.54;15.3;30.6;30.6;30.6;30.6;30.5;30.5
346;15.4;15.4;27.72;15.4;30.8;30.8;30.8;30.8;30.7;30.7
347;15.4;15.4;27.72;15.4;30.8;30.8;30.8;30.8;30.8;30.8
348;15.4;15.4;27.72;15.4;30.8;30.8;30.8;30.8;30.8;30.8
349;15.4;15.4;27.72;15.4;30.8;30.8;30.8;30.8;30.8;30.8
350;15.4;15.4;27.72;15.4;30.8;30.8;30.8;30.8;30.8;30.8
351;15.4;15.4;27.72;15.4;30.8;30.8;30.8;30.8;30.8;30.8
352;15.4;15.4;27.72;15.4;30.8;30.8;30.8;30.8;30.8;30.8
353;15.4;15.4;27.72;15.4;30.8;30.8;30.8;30.8;30.8;30.8
354;15.45;15.45;27.81;15.45;30.9;30.9;30.9;30.9;30.9;30.9
355;15.45;15.45;27.81;15.45;30.9;30.9;30.9;30.9;30.9;30.9
356;15.45;15.45;27.81;15.45;30.9;30.9;30.9;30.9;30.9;30.9
357;15.4;15.4;27.72;15.4;30.8;30.8;30.8;30.8;30.8;30.8
358;15.2;15.2;27.36;15.2;30.4;30.4;30.4;30.4;30.4;30.4
359;14.8;14.8;26.64;14.8;29.6;29.6;29.6;29.6;29.6;29.6
360;14.2;14.2;25.56;14.2;28.4;28.4;28.4;28.4;28.4;28.4
361;13.55;13.55;24.39;13.55;27.1;27.1;27.1;27.1;27.1;27.1
362;13;13;23.4;13;26;26;26;26;26;26
363;12.7;12.7;22.86;12.7;25.4;25.4;25.4;25.4;25.4;25.4
364;12.75;12.75;22.95;12.75;25.5;25.5;25.5;25.5;25.5;25.5
365;13.15;13.15;23.67;13.15;26.3;26.3;26.3;26.3;26.3;26.3
366;13.65;13.65;24.57;13.65;27.3;27.3;27.3;27.3;27.3;27.3
367;14.15;14.15;25.47;14.15;28.3;28.3;28.3;28.3;28.4;28.4
368;14.6;14.6;26.28;14.6;29.2;29.2;29.2;29.2;29.2;29.2
369;14.75;14.75;26.55;14.75;29.5;29.5;29.5;29.5;29.5;29.5
370;14.7;14.7;26.46;14.7;29.4;29.4;29.4;29.4;29.5;29.5
371;14.45;14.45;26.01;14.45;28.9;28.9;28.9;28.9;29;29
372;14.05;14.05;25.29;14.05;28.1;28.1;28.1;28.1;28.1;28.1
373;13.55;13.55;24.39;13.55;27.1;27.1;27.1;27.1;27.2;27.2
374;13.15;13.15;23.67;13.15;26.3;26.3;26.3;26.3;26.3;26.3
375;12.85;12.85;23.13;12.85;25.7;25.7;25.7;25.7;25.7;25.7
376;12.75;12.75;22.95;12.75;25.5;25.5;25.5;25.5;25.5;25.5
377;12.8;12.8;23.04;12.8;25.6;25.6;25.6;25.6;25.6;25.6
378;12.95;12.95;23.31;12.95;25.9;25.9;25.9;25.9;26;26
379;13.15;13.15;23.67;13.15;26.3;26.3;26.3;26.3;26.4;26.4
380;13.45;13.45;24.21;13.45;26.9;26.9;26.9;26.9;27;27
381;13.8;13.8;24.84;13.8;27.6;27.6;27.6;27.6;27.7;27.7
382;14.2;14.2;25.56;14.2;28.4;28.4;28.4;28.4;28.5;28.5
383;14.65;14.65;26.37;14.65;29.3;29.3;29.3;29.3;29.4;29.4
384;15.05;15.05;27.09;15.05;30.1;30.1;30.1;30.1;30.2;30.2
385;15.2;15.2;27.36;15.2;30.4;30.4;30.4;30.4;30.5;30.5
386;15.1;15.1;27.18;15.1;30.2;30.2;30.2;30.2;30.3;30.3
387;14.75;14.75;26.55;14.75;29.5;29.5;29.5;29.5;29.5;29.5
388;14.3;14.3;25.74;14.3;28.6;28.6;28.6;28.6;28.7;28.7
389;13.95;13.95;25.11;13.95;27.9;27.9;27.9;27.9;27.9;27.9
390;13.75;13.75;24.75;13.75;27.5;27.5;27.5;27.5;27.5;27.5
391;13.6;13.6;24.48;13.6;27.2;27.2;27.2;27.2;27.3;27.3
392;13.45;13.45;24.21;13.45;26.9;26.9;26.9;26.9;27;27
393;13.2;13.2;23.76;13.2;26.4;26.4;26.4;26.4;26.5;26.5
394;12.85;12.85;23.13;12.85;25.7;25.7;25.7;25.7;25.8;25.8
395;12.45;12.45;22.41;12.45;24.9;24.9;24.9;24.9;25;25
396;10.7;10.7;19.26;10.7;21.4;21.4;21.4;21.4;21.5;21.5
397;7.95;7.95;14.31;7.95;15.9;15.9;15.9;15.9;16;16
398;4.95;4.95;8.91;4.95;9.9;9.9;9.9;9.9;10;10
399;2.45;2.45;4.41;2.45;4.9;4.9;4.9;4.9;5;5
400;1.05;1.05;1.89;1.05;2.1;2.1;2.1;2.1;2.2;2.2
401;0.45;0.45;0.81;0.45;0.9;0.9;0.9;0.9;1;1
402;0;0;0;0;0;0;0;0;0;0
403;0;0;0;0;0;0;0;0;0;0
404;0;0;0;0;0;0;0;0;0;0
405;0;0;0;0;0;0;0;0;0;0
406;0;0;0;0;0;0;0;0;0;0
407;0;0;0;0;0;0;0;0;0;0
408;0.6;0.6;1.08;0.6;1.2;1.2;1.2;1.2;1.2;1.2
409;1.6;1.6;2.88;1.6;3.2;3.2;3.2;3.2;3.2;3.2
410;2.95;2.95;5.31;2.95;5.9;5.9;5.9;5.9;5.9;5.9
411;4.4;4.4;7.92;4.4;8.8;8.8;8.8;8.8;8.8;8.8
412;6;6;10.8;6;12;12;12;12;12;12
413;7.7;7.7;13.86;7.7;15.4;15.4;15.4;15.4;15.4;15.4
414;9.45;9.45;17.01;9.45;18.9;18.9;18.9;18.9;18.9;18.9
415;11.05;11.05;19.89;11.05;22.1;22.1;22.1;22.1;22.1;22.1
416;12.35;12.35;22.23;12.35;24.7;24.7;24.7;24.7;24.8;24.8
417;13.4;13.4;24.12;13.4;26.8;26.8;26.8;26.8;26.8;26.8
418;14.35;14.35;25.83;14.35;28.7;28.7;28.7;28.7;28.7;28.7
419;15.3;15.3;27.54;15.3;30.6;30.6;30.6;30.6;30.6;30.6
420;16.2;16.2;29.16;16.2;32.4;32.4;32.4;32.4;32.4;32.4
421;17;17;30.6;17;34;34;34;34;34;34
422;17.7;17.7;31.86;17.7;35.4;35.4;35.4;35.4;35.4;35.4
423;18.25;18.25;32.85;18.25;36.5;36.5;36.5;36.5;36.5;36.5
424;18.75;18.75;33.75;18.75;37.5;37.5;37.5;37.5;37.5;37.5
425;19.3;19.3;34.74;19.3;38.6;38.6;38.6;38.6;38.6;38.6
426;19.8;19.8;35.64;19.8;39.6;39.6;39.6;39.6;39.7;39.7
427;20.35;20.35;36.63;20.35;40.7;40.7;40.7;40.7;40.7;40.7
428;20.7;20.7;37.26;20.7;41.4;41.4;41.4;41.4;41.5;41.5
429;20.85;20.85;37.53;20.85;41.7;41.7;41.7;41.7;41.7;41.7
430;20.7;20.7;37.26;20.7;41.4;41.4;41.4;41.4;41.5;41.5
431;20.45;20.45;36.81;20.45;40.9;40.9;40.9;40.9;41;41
432;20.25;20.25;36.45;20.25;40.5;40.5;40.5;40.5;40.6;40.6
433;20.1;20.1;36.18;20.1;40.2;40.2;40.2;40.2;40.3;40.3
434;20.05;20.05;36.09;20.05;40.1;40.1;40.1;40.1;40.2;40.2
435;20.05;20.05;36.09;20.05;40.1;40.1;40.1;40.1;40.1;40.1
436;19.9;19.9;35.82;19.9;39.8;39.8;39.8;39.8;39.8;39.8
437;19.45;19.45;35.01;19.45;38.9;38.9;38.9;38.9;38.9;38.9
438;18.7;18.7;33.66;18.7;37.4;37.4;37.4;37.4;37.5;37.5
439;17.9;17.9;32.22;17.9;35.8;35.8;35.8;35.8;35.8;35.8
440;17.05;17.05;30.69;17.05;34.1;34.1;34.1;34.1;34.2;34.2
441;16.25;16.25;29.25;16.25;32.5;32.5;32.5;32.5;32.5;32.5
442;15.45;15.45;27.81;15.45;30.9;30.9;30.9;30.9;30.9;30.9
443;14.7;14.7;26.46;14.7;29.4;29.4;29.4;29.4;29.4;29.4
444;13.95;13.95;25.11;13.95;27.9;27.9;27.9;27.9;28;28
445;13.25;13.25;23.85;13.25;26.5;26.5;26.5;26.5;26.5;26.5
446;12.5;12.5;22.5;12.5;25;25;25;25;25;25
447;11.7;11.7;21.06;11.7;23.4;23.4;23.4;23.4;23.5;23.5
448;10.9;10.9;19.62;10.9;21.8;21.8;21.8;21.8;21.9;21.9
449;10.15;10.15;18.27;10.15;20.3;20.3;20.3;20.3;20.4;20.4
450;9.65;9.65;17.37;9.65;19.3;19.3;19.3;19.3;19.4;19.4
451;9.35;9.35;16.83;9.35;18.7;18.7;18.7;18.7;18.8;18.8
452;9.15;9.15;16.47;9.15;18.3;18.3;18.3;18.3;18.4;18.4
453;8.9;8.9;16.02;8.9;17.8;17.8;17.8;17.8;18;18
454;8.7;8.7;15.66;8.7;17.4;17.4;17.4;17.4;17.5;17.5
455;8.4;8.4;15.12;8.4;16.8;16.8;16.8;16.8;16.9;16.9
456;8.15;8.15;14.67;8.15;16.3;16.3;16.3;16.3;16.4;16.4
457;8.25;8.25;14.85;8.25;16.5;16.5;16.5;16.5;16.6;16.6
458;8.8;8.8;15.84;8.8;17.6;17.6;17.6;17.6;17.7;17.7
459;9.6;9.6;17.28;9.6;19.2;19.2;19.2;19.2;19.4;19.4
460;10.4;10.4;18.72;10.4;20.8;20.8;20.8;20.8;20.9;20.9
461;11.1;11.1;19.98;11.1;22.2;22.2;22.2;22.2;22.3;22.3
462;11.5;11.5;20.7;11.5;23;23;23;23;23.2;23.2
463;11.5;11.5;20.7;11.5;23;23;23;23;23.2;23.2
464;11;11;19.8;11;22;22;22;22;22.2;22.2
465;10.05;10.05;18.09;10.05;20.1;20.1;20.1;20.1;20.3;20.3
466;8.85;8.85;15.93;8.85;17.7;17.7;17.7;17.7;17.9;17.9
467;7.5;7.5;13.5;7.5;15;15;15;15;15.2;15.2
468;6.05;6.05;10.89;6.05;12.1;12.1;12.1;12.1;12.3;12.3
469;4.55;4.55;8.19;4.55;9.1;9.1;9.1;9.1;9.3;9.3
470;3.1;3.1;5.58;3.1;6.2;6.2;6.2;6.2;6.4;6.4
471;1.8;1.8;3.24;1.8;3.6;3.6;3.6;3.6;3.8;3.8
472;0.9;0.9;1.62;0.9;1.8;1.8;1.8;1.8;2;2
473;0.4;0.4;0.72;0.4;0.8;0.8;0.8;0.8;0.9;0.9
474;0;0;0;0;0;0;0;0;0;0
475;0;0;0;0;0;0;0;0;0;0
476;0;0;0;0;0;0;0;0;0;0
477;0;0;0;0;0;0;0;0;0;0
478;0;0;0;0;0;0;0;0;0;0
479;0;0;0;0;0;0;0;0;0;0
480;0;0;0;0;0;0;0;0;0;0
481;0;0;0;0;0;0;0;0;0;0
482;0;0;0;0;0;0;0;0;0;0
483;0;0;0;0;0;0;0;0;0;0
484;0;0;0;0;0;0;0;0;0;0
485;0;0;0;0;0;0;0;0;0;0
486;0.7;0.7;1.26;0.7;1.4;1.4;1.4;1.4;1.4;1.4
487;2.25;2.25;4.05;2.25;4.5;4.5;4.5;4.5;4.5;4.5
488;4.4;4.4;7.92;4.4;8.8;8.8;8.8;8.8;8.8;8.8
489;6.7;6.7;12.06;6.7;13.4;13.4;13.4;13.4;13.4;13.4
490;8.65;8.65;15.57;8.65;17.3;17.3;17.3;17.3;17.3;17.3
491;9.6;9.6;17.28;9.6;19.2;19.2;19.2;19.2;19.2;19.2
492;9.85;9.85;17.73;9.85;19.7;19.7;19.7;19.7;19.7;19.7
493;9.9;9.9;17.82;9.9;19.8;19.8;19.8;19.8;19.8;19.8
494;10.35;10.35;18.63;10.35;20.7;20.7;20.7;20.7;20.7;20.7
495;11.85;11.85;21.33;11.85;23.7;23.7;23.7;23.7;23.6;23.6
496;13.95;13.95;25.11;13.95;27.9;27.9;27.9;27.9;28.1;28.1
497;15.95;15.95;28.71;15.95;31.9;31.9;31.9;31.9;32.8;32.8
498;17.7;17.7;31.86;17.7;35.4;35.4;35.4;35.4;36.3;36.3
499;18.1;18.1;32.58;18.1;36.2;36.2;36.2;36.2;37.1;37.1
500;17.1;17.1;30.78;17.1;34.2;34.2;34.2;34.2;35.1;35.1
501;15.1;15.1;27.18;15.1;30.2;30.2;30.2;30.2;31.1;31.1
502;13.55;13.55;24.39;13.55;27.1;27.1;27.1;27.1;28;28
503;13.3;13.3;23.94;13.3;26.6;26.6;26.6;26.6;27.5;27.5
504;14.3;14.3;25.74;14.3;28.6;28.6;28.6;28.6;29.5;29.5
505;16.3;16.3;29.34;16.3;32.6;32.6;32.6;32.6;34;34
506;17.75;17.75;31.95;17.75;35.5;35.5;35.5;35.5;37;37
507;18.3;18.3;32.94;18.3;36.6;36.6;36.6;36.6;38;38
508;17.3;17.3;31.14;17.3;34.6;34.6;34.6;34.6;36.1;36.1
509;15;15;27;15;30;30;30;30;31.5;31.5
510;11.55;11.55;20.79;11.55;23.1;23.1;23.1;23.1;24.5;24.5
511;8.35;8.35;15.03;8.35;16.7;16.7;16.7;16.7;17.5;17.5
512;5.35;5.35;9.63;5.35;10.7;10.7;10.7;10.7;10.5;10.5
513;2.35;2.35;4.23;2.35;4.7;4.7;4.7;4.7;4.5;4.5
514;0.6;0.6;1.08;0.6;1.2;1.2;1.2;1.2;1;1
515;0;0;0;0;0;0;0;0;0;0
516;0;0;0;0;0;0;0;0;0;0
517;0;0;0;0;0;0;0;0;0;0
518;0;0;0;0;0;0;0;0;0;0
519;1.5;1.5;2.7;1.5;3;3;3;3;2.9;2.9
520;4.1;4.1;7.38;4.1;8.2;8.2;8.2;8.2;8;8
521;7.15;7.15;12.87;7.15;14.3;14.3;14.3;14.3;16;16
522;9.65;9.65;17.37;9.65;19.3;19.3;19.3;19.3;24;24
523;11.75;11.75;21.15;11.75;23.5;23.5;23.5;23.5;32;32
524;13.65;13.65;24.57;13.65;27.3;27.3;27.3;27.3;38.8;38.8
525;15.4;15.4;27.72;15.4;30.8;30.8;30.8;30.8;43.1;43.1
526;16.85;16.85;30.33;16.85;33.7;33.7;33.7;33.7;46;46
527;17.6;17.6;31.68;17.6;35.2;35.2;35.2;35.2;47.5;47.5
528;17.6;17.6;31.68;17.6;35.2;35.2;35.2;35.2;47.5;47.5
529;16.25;16.25;29.25;16.25;32.5;32.5;32.5;32.5;44.8;44.8
530;13.95;13.95;25.11;13.95;27.9;27.9;27.9;27.9;40.1;40.1
531;11.6;11.6;20.88;11.6;23.2;23.2;23.2;23.2;33.8;33.8
532;9.25;9.25;16.65;9.25;18.5;18.5;18.5;18.5;27.2;27.2
533;6.9;6.9;12.42;6.9;13.8;13.8;13.8;13.8;20;20
534;4.55;4.55;8.19;4.55;9.1;9.1;9.1;9.1;12.8;12.8
535;2.25;2.25;4.05;2.25;4.5;4.5;4.5;4.5;7;7
536;1.15;1.15;2.07;1.15;2.3;2.3;2.3;2.3;2.2;2.2
537;0;0;0;0;0;0;0;0;0;0
538;0;0;0;0;0;0;0;0;0;0
539;0;0;0;0;0;0;0;0;0;0
540;0;0;0;0;0;0;0;0;0;0
541;0;0;0;0;0;0;0;0;0;0
542;1.4;1.4;2.52;1.4;2.8;2.8;2.8;2.8;2.7;2.7
543;4.05;4.05;7.29;4.05;8.1;8.1;8.1;8.1;8;8
544;7.15;7.15;12.87;7.15;14.3;14.3;14.3;14.3;16;16
545;9.6;9.6;17.28;9.6;19.2;19.2;19.2;19.2;24;24
546;11.75;11.75;21.15;11.75;23.5;23.5;23.5;23.5;32;32
547;13.6;13.6;24.48;13.6;27.2;27.2;27.2;27.2;37.2;37.2
548;15.25;15.25;27.45;15.25;30.5;30.5;30.5;30.5;40.4;40.4
549;16.55;16.55;29.79;16.55;33.1;33.1;33.1;33.1;43.1;43.1
550;17.85;17.85;32.13;17.85;35.7;35.7;35.7;35.7;44.6;44.6
551;19.15;19.15;34.47;19.15;38.3;38.3;38.3;38.3;45.2;45.2
552;20.5;20.5;36.9;20.5;41;41;41;41;45.3;45.3
553;21.8;21.8;39.24;21.8;43.6;43.6;43.6;43.6;45.4;45.4
554;21.85;21.85;39.33;21.85;43.7;43.7;43.7;43.7;45.5;45.5
555;21.9;21.9;39.42;21.9;43.8;43.8;43.8;43.8;45.6;45.6
556;21.95;21.95;39.51;21.95;43.9;43.9;43.9;43.9;45.7;45.7
557;22;22;39.6;22;44;44;44;44;45.8;45.8
558;22.05;22.05;39.69;22.05;44.1;44.1;44.1;44.1;45.9;45.9
559;22.1;22.1;39.78;22.1;44.2;44.2;44.2;44.2;46;46
560;22.15;22.15;39.87;22.15;44.3;44.3;44.3;44.3;46.1;46.1
561;22.2;22.2;39.96;22.2;44.4;44.4;44.4;44.4;46.2;46.2
562;22.25;22.25;40.05;22.25;44.5;44.5;44.5;44.5;46.3;46.3
563;22.3;22.3;40.14;22.3;44.6;44.6;44.6;44.6;46.4;46.4
564;22.45;22.45;40.41;22.45;44.9;44.9;44.9;44.9;46.7;46.7
565;22.75;22.75;40.95;22.75;45.5;45.5;45.5;45.5;47.2;47.2
566;23.15;23.15;41.67;23.15;46.3;46.3;46.3;46.3;48;48
567;23.55;23.55;42.39;23.55;47.1;47.1;47.1;47.1;48.9;48.9
568;24;24;43.2;24;48;48;48;48;49.8;49.8
569;24.35;24.35;43.83;24.35;48.7;48.7;48.7;48.7;50.5;50.5
570;24.6;24.6;44.28;24.6;49.2;49.2;49.2;49.2;51;51
571;24.7;24.7;44.46;24.7;49.4;49.4;49.4;49.4;51.1;51.1
572;24.65;24.65;44.37;24.65;49.3;49.3;49.3;49.3;51;51
573;24.35;24.35;43.83;24.35;48.7;48.7;48.7;48.7;50.4;50.4
574;23.65;23.65;42.57;23.65;47.3;47.3;47.3;47.3;49;49
575;22.5;22.5;40.5;22.5;45;45;45;45;46.7;46.7
576;21.15;21.15;38.07;21.15;42.3;42.3;42.3;42.3;44;44
577;19.75;19.75;35.55;19.75;39.5;39.5;39.5;39.5;41.1;41.1
578;18.3;18.3;32.94;18.3;36.6;36.6;36.6;36.6;38.3;38.3
579;16.85;16.85;30.33;16.85;33.7;33.7;33.7;33.7;35.4;35.4
580;15.05;15.05;27.09;15.05;30.1;30.1;30.1;30.1;31.8;31.8
581;13;13;23.4;13;26;26;26;26;27.3;27.3
582;10.9;10.9;19.62;10.9;21.8;21.8;21.8;21.8;22.4;22.4
583;8.85;8.85;15.93;8.85;17.7;17.7;17.7;17.7;17.7;17.7
584;6.75;6.75;12.15;6.75;13.5;13.5;13.5;13.5;13.4;13.4
585;4.7;4.7;8.46;4.7;9.4;9.4;9.4;9.4;9.3;9.3
586;2.8;2.8;5.04;2.8;5.6;5.6;5.6;5.6;5.5;5.5
587;1.05;1.05;1.89;1.05;2.1;2.1;2.1;2.1;2;2
588;0;0;0;0;0;0;0;0;0;0
589;0;0;0;0;0;0;0;0;0;0
590;0;0;0;0;0;0;0;0;0;0
591;0;0;0;0;0;0;0;0;0;0
592;0;0;0;0;0;0;0;0;0;0
593;0;0;0;0;0;0;0;0;0;0
594;0;0;0;0;0;0;0;0;0;0
595;0;0;0;0;0;0;0;0;0;0
596;0;0;0;0;0;0;0;0;0;0
597;0;0;0;0;0;0;0;0;0;0
598;0;0;0;0;0;0;0;0;0;0
599;0;0;0;0;0;0;0;0;0;0
600;0;0;0;0;0;0;0;0;0;0
601;0;0;0;0;0;0;0;0;0;0
602;0;0;0;0;0;0;0;0;0;0
603;0;0;0;0;0;0;0;0;0;0
604;0;0;0;0;0;0;0;0;0;0
605;0;0;0;0;0;0;0;0;0;0
606;0;0;0;0;0;0;0;0;0;0
607;0;0;0;0;0;0;0;0;0;0
608;0;0;0;0;0;0;0;0;0;0
609;0;0;0;0;0;0;0;0;2.3;2.3
610;0;0;0;0;0;0;0;0;7.3;7.3
611;0;0;0;0;0;0;0;0;13.6;15.2
612;0;0;0;0;0;0;0;0;18.9;23.9
613;0;0;0;0;0;0;0;0;23.6;32.5
614;0;0;0;0;0;0;0;0;27.8;39.2
615;0;0;0;0;0;0;0;0;31.8;44.1
616;0;0;0;0;0;0;0;0;35.6;48.1
617;0;0;0;0;0;0;0;0;39.3;51.2
618;0;0;0;0;0;0;0;0;42.7;53.3
619;0;0;0;0;0;0;0;0;46;54.5
620;0;0;0;0;0;0;0;0;49.1;55.7
621;0;0;0;0;0;0;0;0;52.1;56.9
622;0;0;0;0;0;0;0;0;54.9;57.5
623;0;0;0;0;0;0;0;0;57.5;58
624;0;0;0;0;0;0;0;0;58.4;58.4
625;0;0;0;0;0;0;0;0;58.5;58.5
626;0;0;0;0;0;0;0;0;58.5;58.5
627;0;0;0;0;0;0;0;0;58.6;58.6
628;0;0;0;0;0;0;0;0;58.9;58.9
629;0;0;0;0;0;0;0;0;59.3;59.3
630;0;0;0;0;0;0;0;0;59.8;59.8
631;0;0;0;0;0;0;0;0;60.2;60.2
632;0;0;0;0;0;0;0;0;60.5;60.5
633;0;0;0;0;0;0;0;0;60.8;60.8
634;0;0;0;0;0;0;0;0;61.1;61.1
635;0;0;0;0;0;0;0;0;61.5;61.5
636;0;0;0;0;0;0;0;0;62;62
637;0;0;0;0;0;0;0;0;62.5;62.5
638;0;0;0;0;0;0;0;0;63;63
639;0;0;0;0;0;0;0;0;63.4;63.4
640;0;0;0;0;0;0;0;0;63.7;63.7
641;0;0;0;0;0;0;0;0;63.8;63.8
642;0;0;0;0;0;0;0;0;63.9;63.9
643;0;0;0;0;0;0;0;0;63.8;63.8
644;0;0;0;0;0;0;0;0;63.2;63.2
645;0;0;0;0;0;0;0;0;61.7;61.7
646;0;0;0;0;0;0;0;0;58.9;58.9
647;0;0;0;0;0;0;0;0;55.2;55.2
648;0;0;0;0;0;0;0;0;51;51
649;0;0;0;0;0;0;0;0;46.7;46.7
650;0;0;0;0;0;0;0;0;42.8;42.8
651;0;0;0;0;0;0;0;0;40.2;40.2
652;0;0;0;0;0;0;0;0;38.8;38.8
653;0;0;0;0;0;0;0;0;37.9;37.9
654;0;0;0;0;0;0;0;0;36.7;36.7
655;0;0;0;0;0;0;0;0;35.1;35.1
656;0;0;0;0;0;0;0;0;32.9;32.9
657;0;0;0;0;0;0;0;0;30.4;30.4
658;0;0;0;0;0;0;0;0;28;28
659;0;0;0;0;0;0;0;0;25.9;25.9
660;0;0;0;0;0;0;0;0;24.4;24.4
661;0;0;0;0;0;0;0;0;23.7;23.7
662;0;0;0;0;0;0;0;0;23.8;23.8
663;0;0;0;0;0;0;0;0;25;25
664;0;0;0;0;0;0;0;0;27.3;27.3
665;0;0;0;0;0;0;0;0;30.4;30.4
666;0;0;0;0;0;0;0;0;33.9;33.9
667;0;0;0;0;0;0;0;0;37.3;37.3
668;0;0;0;0;0;0;0;0;39.8;39.8
669;0;0;0;0;0;0;0;0;39.5;39.5
670;0;0;0;0;0;0;0;0;36.3;36.3
671;0;0;0;0;0;0;0;0;31.4;31.4
672;0;0;0;0;0;0;0;0;26.5;26.5
673;0;0;0;0;0;0;0;0;24.2;24.2
674;0;0;0;0;0;0;0;0;24.8;24.8
675;0;0;0;0;0;0;0;0;26.6;26.6
676;0;0;0;0;0;0;0;0;27.5;27.5
677;0;0;0;0;0;0;0;0;26.8;26.8
678;0;0;0;0;0;0;0;0;25.3;25.3
679;0;0;0;0;0;0;0;0;24;24
680;0;0;0;0;0;0;0;0;23.3;23.3
681;0;0;0;0;0;0;0;0;23.7;23.7
682;0;0;0;0;0;0;0;0;24.9;24.9
683;0;0;0;0;0;0;0;0;26.4;26.4
684;0;0;0;0;0;0;0;0;27.7;27.7
685;0;0;0;0;0;0;0;0;28.3;28.3
686;0;0;0;0;0;0;0;0;28.3;28.3
687;0;0;0;0;0;0;0;0;28.1;28.1
688;0;0;0;0;0;0;0;0;28.1;28.1
689;0;0;0;0;0;0;0;0;28.6;28.6
690;0;0;0;0;0;0;0;0;29.8;29.8
691;0;0;0;0;0;0;0;0;31.6;31.6
692;0;0;0;0;0;0;0;0;33.9;33.9
693;0;0;0;0;0;0;0;0;36.5;36.5
694;0;0;0;0;0;0;0;0;39.1;39.1
695;0;0;0;0;0;0;0;0;41.5;41.5
696;0;0;0;0;0;0;0;0;43.3;43.3
697;0;0;0;0;0;0;0;0;44.5;44.5
698;0;0;0;0;0;0;0;0;45.1;45.1
699;0;0;0;0;0;0;0;0;45.1;45.1
700;0;0;0;0;0;0;0;0;43.9;43.9
701;0;0;0;0;0;0;0;0;41.4;41.4
702;0;0;0;0;0;0;0;0;38.4;38.4
703;0;0;0;0;0;0;0;0;35.5;35.5
704;0;0;0;0;0;0;0;0;32.9;32.9
705;0;0;0;0;0;0;0;0;31.3;31.3
706;0;0;0;0;0;0;0;0;30.7;30.7
707;0;0;0;0;0;0;0;0;31;31
708;0;0;0;0;0;0;0;0;32.2;32.2
709;0;0;0;0;0;0;0;0;34;34
710;0;0;0;0;0;0;0;0;36;36
711;0;0;0;0;0;0;0;0;37.9;37.9
712;0;0;0;0;0;0;0;0;39.9;39.9
713;0;0;0;0;0;0;0;0;41.6;41.6
714;0;0;0;0;0;0;0;0;43.1;43.1
715;0;0;0;0;0;0;0;0;44.3;44.3
716;0;0;0;0;0;0;0;0;45;45
717;0;0;0;0;0;0;0;0;45.5;45.5
718;0;0;0;0;0;0;0;0;45.8;45.8
719;0;0;0;0;0;0;0;0;46;46
720;0;0;0;0;0;0;0;0;46.1;46.1
721;0;0;0;0;0;0;0;0;46.2;46.2
722;0;0;0;0;0;0;0;0;46.1;46.1
723;0;0;0;0;0;0;0;0;45.7;45.7
724;0;0;0;0;0;0;0;0;45;45
725;0;0;0;0;0;0;0;0;44.3;44.3
726;0;0;0;0;0;0;0;0;44.7;44.7
727;0;0;0;0;0;0;0;0;46.8;46.8
728;0;0;0;0;0;0;0;0;49.9;50.1
729;0;0;0;0;0;0;0;0;52.8;53.6
730;0;0;0;0;0;0;0;0;55.6;56.9
731;0;0;0;0;0;0;0;0;58.2;59.4
732;0;0;0;0;0;0;0;0;60.2;60.2
733;0;0;0;0;0;0;0;0;59.3;59.3
734;0;0;0;0;0;0;0;0;57.5;57.5
735;0;0;0;0;0;0;0;0;55.4;55.4
736;0;0;0;0;0;0;0;0;52.5;52.5
737;0;0;0;0;0;0;0;0;47.9;47.9
738;0;0;0;0;0;0;0;0;41.4;41.4
739;0;0;0;0;0;0;0;0;34.4;34.4
740;0;0;0;0;0;0;0;0;30;30
741;0;0;0;0;0;0;0;0;27;27
742;0;0;0;0;0;0;0;0;26.5;26.5
743;0;0;0;0;0;0;0;0;28.7;28.7
744;0;0;0;0;0;0;0;0;32.7;33.8
745;0;0;0;0;0;0;0;0;36.5;40.3
746;0;0;0;0;0;0;0;0;40;46.6
747;0;0;0;0;0;0;0;0;43.5;50.4
748;0;0;0;0;0;0;0;0;46.7;54
749;0;0;0;0;0;0;0;0;49.8;56.9
750;0;0;0;0;0;0;0;0;52.7;59.1
751;0;0;0;0;0;0;0;0;55.5;60.6
752;0;0;0;0;0;0;0;0;58.1;61.7
753;0;0;0;0;0;0;0;0;60.6;62.6
754;0;0;0;0;0;0;0;0;62.9;63.1
755;0;0;0;0;0;0;0;0;62.9;62.9
756;0;0;0;0;0;0;0;0;61.7;61.7
757;0;0;0;0;0;0;0;0;59.4;59.4
758;0;0;0;0;0;0;0;0;56.6;56.6
759;0;0;0;0;0;0;0;0;53.7;53.7
760;0;0;0;0;0;0;0;0;50.7;50.7
761;0;0;0;0;0;0;0;0;47.7;47.7
762;0;0;0;0;0;0;0;0;45;45
763;0;0;0;0;0;0;0;0;43.1;43.1
764;0;0;0;0;0;0;0;0;41.9;41.9
765;0;0;0;0;0;0;0;0;41.6;41.6
766;0;0;0;0;0;0;0;0;41.3;41.3
767;0;0;0;0;0;0;0;0;40.9;40.9
768;0;0;0;0;0;0;0;0;41.8;41.8
769;0;0;0;0;0;0;0;0;42.1;42.1
770;0;0;0;0;0;0;0;0;41.8;41.8
771;0;0;0;0;0;0;0;0;41.3;41.3
772;0;0;0;0;0;0;0;0;41.5;41.5
773;0;0;0;0;0;0;0;0;43.5;43.5
774;0;0;0;0;0;0;0;0;46.5;46.5
775;0;0;0;0;0;0;0;0;49.7;49.7
776;0;0;0;0;0;0;0;0;52.6;52.6
777;0;0;0;0;0;0;0;0;55;55
778;0;0;0;0;0;0;0;0;56.5;56.5
779;0;0;0;0;0;0;0;0;57.1;57.1
780;0;0;0;0;0;0;0;0;57.3;57.3
781;0;0;0;0;0;0;0;0;57;57
782;0;0;0;0;0;0;0;0;56.3;56.3
783;0;0;0;0;0;0;0;0;55.2;55.2
784;0;0;0;0;0;0;0;0;53.9;53.9
785;0;0;0;0;0;0;0;0;52.6;52.6
786;0;0;0;0;0;0;0;0;51.4;51.4
787;0;0;0;0;0;0;0;0;50.1;50.1
788;0;0;0;0;0;0;0;0;51.5;51.5
789;0;0;0;0;0;0;0;0;53.1;53.1
790;0;0;0;0;0;0;0;0;54.8;54.8
791;0;0;0;0;0;0;0;0;56.6;56.6
792;0;0;0;0;0;0;0;0;58.5;58.5
793;0;0;0;0;0;0;0;0;60.6;60.6
794;0;0;0;0;0;0;0;0;62.8;62.8
795;0;0;0;0;0;0;0;0;64.9;64.9
796;0;0;0;0;0;0;0;0;67;67
797;0;0;0;0;0;0;0;0;69.1;69.1
798;0;0;0;0;0;0;0;0;70.9;70.9
799;0;0;0;0;0;0;0;0;72.2;72.2
800;0;0;0;0;0;0;0;0;72.8;72.8
801;0;0;0;0;0;0;0;0;72.8;72.8
802;0;0;0;0;0;0;0;0;71.9;71.9
803;0;0;0;0;0;0;0;0;70.5;70.5
804;0;0;0;0;0;0;0;0;68.8;68.8
805;0;0;0;0;0;0;0;0;67.1;67.1
806;0;0;0;0;0;0;0;0;65.4;65.4
807;0;0;0;0;0;0;0;0;63.9;63.9
808;0;0;0;0;0;0;0;0;62.8;62.8
809;0;0;0;0;0;0;0;0;61.8;61.8
810;0;0;0;0;0;0;0;0;61;61
811;0;0;0;0;0;0;0;0;60.4;60.4
812;0;0;0;0;0;0;0;0;60;60
813;0;0;0;0;0;0;0;0;60.2;60.2
814;0;0;0;0;0;0;0;0;61.4;61.4
815;0;0;0;0;0;0;0;0;63.3;63.3
816;0;0;0;0;0;0;0;0;65.5;65.5
817;0;0;0;0;0;0;0;0;67.4;67.4
818;0;0;0;0;0;0;0;0;68.5;68.5
819;0;0;0;0;0;0;0;0;68.7;68.7
820;0;0;0;0;0;0;0;0;68.1;68.1
821;0;0;0;0;0;0;0;0;67.3;67.3
822;0;0;0;0;0;0;0;0;66.5;66.5
823;0;0;0;0;0;0;0;0;65.9;65.9
824;0;0;0;0;0;0;0;0;65.5;65.5
825;0;0;0;0;0;0;0;0;64.9;64.9
826;0;0;0;0;0;0;0;0;64.1;64.1
827;0;0;0;0;0;0;0;0;63;63
828;0;0;0;0;0;0;0;0;62.1;62.1
829;0;0;0;0;0;0;0;0;61.6;61.6
830;0;0;0;0;0;0;0;0;61.7;61.7
831;0;0;0;0;0;0;0;0;62.3;62.3
832;0;0;0;0;0;0;0;0;63.5;63.5
833;0;0;0;0;0;0;0;0;65.3;65.3
834;0;0;0;0;0;0;0;0;67.3;67.3
835;0;0;0;0;0;0;0;0;69.2;69.3
836;0;0;0;0;0;0;0;0;71.1;71.4
837;0;0;0;0;0;0;0;0;73;73.5
838;0;0;0;0;0;0;0;0;74.8;75.6
839;0;0;0;0;0;0;0;0;75.7;77.7
840;0;0;0;0;0;0;0;0;76.7;79.7
841;0;0;0;0;0;0;0;0;77.5;81.5
842;0;0;0;0;0;0;0;0;78.1;83.1
843;0;0;0;0;0;0;0;0;78.6;84.6
844;0;0;0;0;0;0;0;0;79;86
845;0;0;0;0;0;0;0;0;79.4;87.4
846;0;0;0;0;0;0;0;0;79.7;88.7
847;0;0;0;0;0;0;0;0;80.1;89.6
848;0;0;0;0;0;0;0;0;80.7;90.2
849;0;0;0;0;0;0;0;0;80.8;90.7
850;0;0;0;0;0;0;0;0;81;91.2
851;0;0;0;0;0;0;0;0;81.2;91.8
852;0;0;0;0;0;0;0;0;81.6;92.4
853;0;0;0;0;0;0;0;0;81.9;93
854;0;0;0;0;0;0;0;0;82.1;93.6
855;0;0;0;0;0;0;0;0;82.1;94.1
856;0;0;0;0;0;0;0;0;82.3;94.3
857;0;0;0;0;0;0;0;0;82.4;94.4
858;0;0;0;0;0;0;0;0;82.4;94.4
859;0;0;0;0;0;0;0;0;82.3;94.3
860;0;0;0;0;0;0;0;0;82.3;94.3
861;0;0;0;0;0;0;0;0;82.2;94.2
862;0;0;0;0;0;0;0;0;82.2;94.2
863;0;0;0;0;0;0;0;0;82.1;94.2
864;0;0;0;0;0;0;0;0;82.1;94.1
865;0;0;0;0;0;0;0;0;82;94
866;0;0;0;0;0;0;0;0;82;94
867;0;0;0;0;0;0;0;0;81.9;93.9
868;0;0;0;0;0;0;0;0;81.9;93.9
869;0;0;0;0;0;0;0;0;81.9;93.9
870;0;0;0;0;0;0;0;0;81.9;93.9
871;0;0;0;0;0;0;0;0;81.9;93.9
872;0;0;0;0;0;0;0;0;82;94
873;0;0;0;0;0;0;0;0;82;94
874;0;0;0;0;0;0;0;0;82.1;94.1
875;0;0;0;0;0;0;0;0;82.2;94.2
876;0;0;0;0;0;0;0;0;82.3;94.3
877;0;0;0;0;0;0;0;0;82.4;94.4
878;0;0;0;0;0;0;0;0;82.5;94.5
879;0;0;0;0;0;0;0;0;82.5;94.5
880;0;0;0;0;0;0;0;0;82.5;94.5
881;0;0;0;0;0;0;0;0;82.5;94.5
882;0;0;0;0;0;0;0;0;82.4;94.4
883;0;0;0;0;0;0;0;0;82.4;94.5
884;0;0;0;0;0;0;0;0;82.4;94.6
885;0;0;0;0;0;0;0;0;82.5;94.7
886;0;0;0;0;0;0;0;0;82.5;94.8
887;0;0;0;0;0;0;0;0;82.5;94.9
888;0;0;0;0;0;0;0;0;82.4;94.8
889;0;0;0;0;0;0;0;0;82.3;94.3
890;0;0;0;0;0;0;0;0;81.6;93.3
891;0;0;0;0;0;0;0;0;81.3;91.8
892;0;0;0;0;0;0;0;0;80.3;89.6
893;0;0;0;0;0;0;0;0;79.9;87
894;0;0;0;0;0;0;0;0;79.2;84.1
895;0;0;0;0;0;0;0;0;79.2;81.2
896;0;0;0;0;0;0;0;0;78.4;78.4
897;0;0;0;0;0;0;0;0;75.7;75.7
898;0;0;0;0;0;0;0;0;73.2;73.2
899;0;0;0;0;0;0;0;0;71.1;71.1
900;0;0;0;0;0;0;0;0;69.5;69.5
901;0;0;0;0;0;0;0;0;68.3;68.3
902;0;0;0;0;0;0;0;0;67.3;67.3
903;0;0;0;0;0;0;0;0;66.1;66.1
904;0;0;0;0;0;0;0;0;63.9;63.9
905;0;0;0;0;0;0;0;0;60.2;60.2
906;0;0;0;0;0;0;0;0;54.9;54.9
907;0;0;0;0;0;0;0;0;48.1;48.1
908;0;0;0;0;0;0;0;0;40.9;40.9
909;0;0;0;0;0;0;0;0;36;36
910;0;0;0;0;0;0;0;0;33.9;33.9
911;0;0;0;0;0;0;0;0;33.9;33.9
912;0;0;0;0;0;0;0;0;36.5;36.5
913;0;0;0;0;0;0;0;0;40.1;41
914;0;0;0;0;0;0;0;0;43.5;45.3
915;0;0;0;0;0;0;0;0;46.8;49.2
916;0;0;0;0;0;0;0;0;49.8;51.5
917;0;0;0;0;0;0;0;0;52.8;53.2
918;0;0;0;0;0;0;0;0;53.9;53.9
919;0;0;0;0;0;0;0;0;53.9;53.9
920;0;0;0;0;0;0;0;0;53.7;53.7
921;0;0;0;0;0;0;0;0;53.7;53.7
922;0;0;0;0;0;0;0;0;54.3;54.3
923;0;0;0;0;0;0;0;0;55.4;55.4
924;0;0;0;0;0;0;0;0;56.8;56.8
925;0;0;0;0;0;0;0;0;58.1;58.1
926;0;0;0;0;0;0;0;0;58.9;58.9
927;0;0;0;0;0;0;0;0;58.2;58.2
928;0;0;0;0;0;0;0;0;55.8;55.8
929;0;0;0;0;0;0;0;0;52.6;52.6
930;0;0;0;0;0;0;0;0;49.2;49.2
931;0;0;0;0;0;0;0;0;47.6;47.6
932;0;0;0;0;0;0;0;0;48.4;48.4
933;0;0;0;0;0;0;0;0;51.4;51.8
934;0;0;0;0;0;0;0;0;54.2;55.7
935;0;0;0;0;0;0;0;0;56.9;59.6
936;0;0;0;0;0;0;0;0;59.4;63
937;0;0;0;0;0;0;0;0;61.8;65.9
938;0;0;0;0;0;0;0;0;64.1;68.1
939;0;0;0;0;0;0;0;0;66.2;69.8
940;0;0;0;0;0;0;0;0;68.2;71.1
941;0;0;0;0;0;0;0;0;70.2;72.1
942;0;0;0;0;0;0;0;0;72;72.9
943;0;0;0;0;0;0;0;0;73.7;73.7
944;0;0;0;0;0;0;0;0;74.4;74.4
945;0;0;0;0;0;0;0;0;75.1;75.1
946;0;0;0;0;0;0;0;0;75.8;75.8
947;0;0;0;0;0;0;0;0;76.5;76.5
948;0;0;0;0;0;0;0;0;77.2;77.2
949;0;0;0;0;0;0;0;0;77.8;77.8
950;0;0;0;0;0;0;0;0;78.5;78.5
951;0;0;0;0;0;0;0;0;79.2;79.2
952;0;0;0;0;0;0;0;0;80;80
953;0;0;0;0;0;0;0;0;81;81
954;0;0;0;0;0;0;0;0;81.2;82
955;0;0;0;0;0;0;0;0;81.8;83
956;0;0;0;0;0;0;0;0;82.2;83.7
957;0;0;0;0;0;0;0;0;82.2;84.2
958;0;0;0;0;0;0;0;0;82.4;84.4
959;0;0;0;0;0;0;0;0;82.5;84.5
960;0;0;0;0;0;0;0;0;82.5;84.4
961;0;0;0;0;0;0;0;0;82.5;84.1
962;0;0;0;0;0;0;0;0;82.5;83.7
963;0;0;0;0;0;0;0;0;82.3;83.2
964;0;0;0;0;0;0;0;0;82.1;82.8
965;0;0;0;0;0;0;0;0;82.1;82.6
966;0;0;0;0;0;0;0;0;82.1;82.5
967;0;0;0;0;0;0;0;0;82.1;82.4
968;0;0;0;0;0;0;0;0;82.1;82.3
969;0;0;0;0;0;0;0;0;82.1;82.2
970;0;0;0;0;0;0;0;0;82.1;82.2
971;0;0;0;0;0;0;0;0;82.1;82.2
972;0;0;0;0;0;0;0;0;82.1;82.1
973;0;0;0;0;0;0;0;0;81.9;81.9
974;0;0;0;0;0;0;0;0;81.6;81.6
975;0;0;0;0;0;0;0;0;81.3;81.3
976;0;0;0;0;0;0;0;0;81.1;81.1
977;0;0;0;0;0;0;0;0;80.8;80.8
978;0;0;0;0;0;0;0;0;80.6;80.6
979;0;0;0;0;0;0;0;0;80.4;80.4
980;0;0;0;0;0;0;0;0;80.1;80.1
981;0;0;0;0;0;0;0;0;79.7;79.7
982;0;0;0;0;0;0;0;0;78.6;78.6
983;0;0;0;0;0;0;0;0;76.8;76.8
984;0;0;0;0;0;0;0;0;73.7;73.7
985;0;0;0;0;0;0;0;0;69.4;69.4
986;0;0;0;0;0;0;0;0;64;64
987;0;0;0;0;0;0;0;0;58.6;58.6
988;0;0;0;0;0;0;0;0;53.2;53.2
989;0;0;0;0;0;0;0;0;47.8;47.8
990;0;0;0;0;0;0;0;0;42.4;42.4
991;0;0;0;0;0;0;0;0;37;37
992;0;0;0;0;0;0;0;0;33;33
993;0;0;0;0;0;0;0;0;30.9;30.9
994;0;0;0;0;0;0;0;0;30.9;30.9
995;0;0;0;0;0;0;0;0;33.5;33.5
996;0;0;0;0;0;0;0;0;37.2;38
997;0;0;0;0;0;0;0;0;40.8;42.5
998;0;0;0;0;0;0;0;0;44.2;47
999;0;0;0;0;0;0;0;0;47.4;51
1000;0;0;0;0;0;0;0;0;50.4;53.5
1001;0;0;0;0;0;0;0;0;53.3;55.1
1002;0;0;0;0;0;0;0;0;56.1;56.4
1003;0;0;0;0;0;0;0;0;57.3;57.3
1004;0;0;0;0;0;0;0;0;58.1;58.1
1005;0;0;0;0;0;0;0;0;58.8;58.8
1006;0;0;0;0;0;0;0;0;59.4;59.4
1007;0;0;0;0;0;0;0;0;59.8;59.8
1008;0;0;0;0;0;0;0;0;59.7;59.7
1009;0;0;0;0;0;0;0;0;59.4;59.4
1010;0;0;0;0;0;0;0;0;59.2;59.2
1011;0;0;0;0;0;0;0;0;59.2;59.2
1012;0;0;0;0;0;0;0;0;59.6;59.6
1013;0;0;0;0;0;0;0;0;60;60
1014;0;0;0;0;0;0;0;0;60.5;60.5
1015;0;0;0;0;0;0;0;0;61;61
1016;0;0;0;0;0;0;0;0;61.2;61.2
1017;0;0;0;0;0;0;0;0;61.3;61.3
1018;0;0;0;0;0;0;0;0;61.4;61.4
1019;0;0;0;0;0;0;0;0;61.7;61.7
1020;0;0;0;0;0;0;0;0;62.3;62.3
1021;0;0;0;0;0;0;0;0;63.1;63.1
1022;0;0;0;0;0;0;0;0;63.6;63.6
1023;0;0;0;0;0;0;0;0;63.9;63.9
1024;0;0;0;0;0;0;0;0;63.8;63.8
1025;0;0;0;0;0;0;0;0;63.6;63.6
1026;0;0;0;0;0;0;0;0;63.3;63.3
1027;0;0;0;0;0;0;0;0;62.8;62.8
1028;0;0;0;0;0;0;0;0;61.9;61.9
1029;0;0;0;0;0;0;0;0;60.5;60.5
1030;0;0;0;0;0;0;0;0;58.6;58.6
1031;0;0;0;0;0;0;0;0;56.5;56.5
1032;0;0;0;0;0;0;0;0;54.6;54.6
1033;0;0;0;0;0;0;0;0;53.8;53.8
1034;0;0;0;0;0;0;0;0;54.5;54.5
1035;0;0;0;0;0;0;0;0;56.1;56.1
1036;0;0;0;0;0;0;0;0;57.9;57.9
1037;0;0;0;0;0;0;0;0;59.7;59.7
1038;0;0;0;0;0;0;0;0;61.2;61.2
1039;0;0;0;0;0;0;0;0;62.3;62.3
1040;0;0;0;0;0;0;0;0;63.1;63.1
1041;0;0;0;0;0;0;0;0;63.6;63.6
1042;0;0;0;0;0;0;0;0;63.5;63.5
1043;0;0;0;0;0;0;0;0;62.7;62.7
1044;0;0;0;0;0;0;0;0;60.9;60.9
1045;0;0;0;0;0;0;0;0;58.7;58.7
1046;0;0;0;0;0;0;0;0;56.4;56.4
1047;0;0;0;0;0;0;0;0;54.5;54.5
1048;0;0;0;0;0;0;0;0;53.3;53.3
1049;0;0;0;0;0;0;0;0;53;53
1050;0;0;0;0;0;0;0;0;53.5;53.5
1051;0;0;0;0;0;0;0;0;54.6;54.6
1052;0;0;0;0;0;0;0;0;56.1;56.1
1053;0;0;0;0;0;0;0;0;57.6;57.6
1054;0;0;0;0;0;0;0;0;58.9;58.9
1055;0;0;0;0;0;0;0;0;59.8;59.8
1056;0;0;0;0;0;0;0;0;60.3;60.3
1057;0;0;0;0;0;0;0;0;60.7;60.7
1058;0;0;0;0;0;0;0;0;61.3;61.3
1059;0;0;0;0;0;0;0;0;62.4;62.4
1060;0;0;0;0;0;0;0;0;64.1;64.1
1061;0;0;0;0;0;0;0;0;66.2;66.2
1062;0;0;0;0;0;0;0;0;68.1;68.1
1063;0;0;0;0;0;0;0;0;69.7;69.7
1064;0;0;0;0;0;0;0;0;70.4;70.4
1065;0;0;0;0;0;0;0;0;70.7;70.7
1066;0;0;0;0;0;0;0;0;70.7;70.7
1067;0;0;0;0;0;0;0;0;70.7;70.7
1068;0;0;0;0;0;0;0;0;70.7;70.7
1069;0;0;0;0;0;0;0;0;70.6;70.6
1070;0;0;0;0;0;0;0;0;70.5;70.5
1071;0;0;0;0;0;0;0;0;70.4;70.4
1072;0;0;0;0;0;0;0;0;70.2;70.2
1073;0;0;0;0;0;0;0;0;70.1;70.1
1074;0;0;0;0;0;0;0;0;69.8;69.8
1075;0;0;0;0;0;0;0;0;69.5;69.5
1076;0;0;0;0;0;0;0;0;69.1;69.1
1077;0;0;0;0;0;0;0;0;69.1;69.1
1078;0;0;0;0;0;0;0;0;69.5;69.5
1079;0;0;0;0;0;0;0;0;70.3;70.3
1080;0;0;0;0;0;0;0;0;71.2;71.2
1081;0;0;0;0;0;0;0;0;72;72
1082;0;0;0;0;0;0;0;0;72.6;72.6
1083;0;0;0;0;0;0;0;0;72.8;72.8
1084;0;0;0;0;0;0;0;0;72.7;72.7
1085;0;0;0;0;0;0;0;0;72;72
1086;0;0;0;0;0;0;0;0;70.4;70.4
1087;0;0;0;0;0;0;0;0;67.7;67.7
1088;0;0;0;0;0;0;0;0;64.4;64.4
1089;0;0;0;0;0;0;0;0;61;61
1090;0;0;0;0;0;0;0;0;57.6;57.6
1091;0;0;0;0;0;0;0;0;54;54
1092;0;0;0;0;0;0;0;0;49.7;49.7
1093;0;0;0;0;0;0;0;0;44.4;44.4
1094;0;0;0;0;0;0;0;0;38.2;38.2
1095;0;0;0;0;0;0;0;0;31.2;31.2
1096;0;0;0;0;0;0;0;0;24;24
1097;0;0;0;0;0;0;0;0;16.8;16.8
1098;0;0;0;0;0;0;0;0;10.4;10.4
1099;0;0;0;0;0;0;0;0;5.7;5.7
1100;0;0;0;0;0;0;0;0;2.8;2.8
1101;0;0;0;0;0;0;0;0;1.6;1.6
1102;0;0;0;0;0;0;0;0;0.3;0.3
1103;0;0;0;0;0;0;0;0;0;0
1104;0;0;0;0;0;0;0;0;0;0
1105;0;0;0;0;0;0;0;0;0;0
1106;0;0;0;0;0;0;0;0;0;0
1107;0;0;0;0;0;0;0;0;0;0
1108;0;0;0;0;0;0;0;0;0;0
1109;0;0;0;0;0;0;0;0;0;0
1110;0;0;0;0;0;0;0;0;0;0
1111;0;0;0;0;0;0;0;0;0;0
1112;0;0;0;0;0;0;0;0;0;0
1113;0;0;0;0;0;0;0;0;0;0
1114;0;0;0;0;0;0;0;0;0;0
1115;0;0;0;0;0;0;0;0;0;0
1116;0;0;0;0;0;0;0;0;0;0
1117;0;0;0;0;0;0;0;0;0;0
1118;0;0;0;0;0;0;0;0;0;0
1119;0;0;0;0;0;0;0;0;0;0
1120;0;0;0;0;0;0;0;0;0;0
1121;0;0;0;0;0;0;0;0;0;0
1122;0;0;0;0;0;0;0;0;0;0
1123;0;0;0;0;0;0;0;0;0;0
1124;0;0;0;0;0;0;0;0;0;0
1125;0;0;0;0;0;0;0;0;0;0
1126;0;0;0;0;0;0;0;0;0;0
1127;0;0;0;0;0;0;0;0;0;0
1128;0;0;0;0;0;0;0;0;0;0
1129;0;0;0;0;0;0;0;0;0;0
1130;0;0;0;0;0;0;0;0;0;0
1131;0;0;0;0;0;0;0;0;0;0
1132;0;0;0;0;0;0;0;0;0;0
1133;0;0;0;0;0;0;0;0;2.3;2.3
1134;0;0;0;0;0;0;0;0;7.2;7.2
1135;0;0;0;0;0;0;0;0;13.5;14.6
1136;0;0;0;0;0;0;0;0;18.7;23.5
1137;0;0;0;0;0;0;0;0;22.9;33
1138;0;0;0;0;0;0;0;0;26.7;42.7
1139;0;0;0;0;0;0;0;0;30;51.8
1140;0;0;0;0;0;0;0;0;32.8;59.4
1141;0;0;0;0;0;0;0;0;35.2;65.3
1142;0;0;0;0;0;0;0;0;37.3;69.6
1143;0;0;0;0;0;0;0;0;39.1;72.3
1144;0;0;0;0;0;0;0;0;40.8;73.9
1145;0;0;0;0;0;0;0;0;41.8;75
1146;0;0;0;0;0;0;0;0;42.5;75.7
1147;0;0;0;0;0;0;0;0;43.3;76.5
1148;0;0;0;0;0;0;0;0;44.1;77.3
1149;0;0;0;0;0;0;0;0;45;78.2
1150;0;0;0;0;0;0;0;0;45.7;78.9
1151;0;0;0;0;0;0;0;0;46.2;79.4
1152;0;0;0;0;0;0;0;0;46.3;79.6
1153;0;0;0;0;0;0;0;0;46.1;79.3
1154;0;0;0;0;0;0;0;0;45.6;78.8
1155;0;0;0;0;0;0;0;0;44.9;78.1
1156;0;0;0;0;0;0;0;0;44.4;77.5
1157;0;0;0;0;0;0;0;0;44;77.2
1158;0;0;0;0;0;0;0;0;44;77.2
1159;0;0;0;0;0;0;0;0;44.3;77.5
1160;0;0;0;0;0;0;0;0;44.8;77.9
1161;0;0;0;0;0;0;0;0;45.3;78.5
1162;0;0;0;0;0;0;0;0;45.9;79.1
1163;0;0;0;0;0;0;0;0;46.5;79.6
1164;0;0;0;0;0;0;0;0;46.8;80
1165;0;0;0;0;0;0;0;0;47.1;80.2
1166;0;0;0;0;0;0;0;0;47.1;80.3
1167;0;0;0;0;0;0;0;0;47;80.1
1168;0;0;0;0;0;0;0;0;46.7;79.8
1169;0;0;0;0;0;0;0;0;46.3;79.5
1170;0;0;0;0;0;0;0;0;45.9;79.1
1171;0;0;0;0;0;0;0;0;45.6;78.8
1172;0;0;0;0;0;0;0;0;45.4;78.6
1173;0;0;0;0;0;0;0;0;45.2;78.4
1174;0;0;0;0;0;0;0;0;45.1;78.3
1175;0;0;0;0;0;0;0;0;44.8;78
1176;0;0;0;0;0;0;0;0;43.5;76.7
1177;0;0;0;0;0;0;0;0;40.9;73.7
1178;0;0;0;0;0;0;0;0;38.2;69.5
1179;0;0;0;0;0;0;0;0;35.6;64.8
1180;0;0;0;0;0;0;0;0;33;60.3
1181;0;0;0;0;0;0;0;0;30.4;56.2
1182;0;0;0;0;0;0;0;0;27.7;52.5
1183;0;0;0;0;0;0;0;0;25.1;49
1184;0;0;0;0;0;0;0;0;22.5;45.2
1185;0;0;0;0;0;0;0;0;19.8;40.8
1186;0;0;0;0;0;0;0;0;17.2;35.4
1187;0;0;0;0;0;0;0;0;14.6;29.4
1188;0;0;0;0;0;0;0;0;12;23.4
1189;0;0;0;0;0;0;0;0;9.3;17.7
1190;0;0;0;0;0;0;0;0;6.7;12.6
1191;0;0;0;0;0;0;0;0;4.1;8
1192;0;0;0;0;0;0;0;0;1.5;4.1
1193;0;0;0;0;0;0;0;0;0;1.3
1194;0;0;0;0;0;0;0;0;0;0
1195;0;0;0;0;0;0;0;0;0;0
1196;0;0;0;0;0;0;0;0;0;0
1197;0;0;0;0;0;0;0;0;0;0
1198;0;0;0;0;0;0;0;0;0;0
1199;0;0;0;0;0;0;0;0;0;0
1200;0;0;0;0;0;0;0;0;0;0
1201;0;0;0;0;0;0;0;0;0;0
1202;0;0;0;0;0;0;0;0;0;0
1203;0;0;0;0;0;0;0;0;0;0
1204;0;0;0;0;0;0;0;0;0;0
1205;0;0;0;0;0;0;0;0;0;0
1206;0;0;0;0;0;0;0;0;0;0
1207;0;0;0;0;0;0;0;0;0;0.9
1208;0;0;0;0;0;0;0;0;0;3.2
1209;0;0;0;0;0;0;0;0;0;7.3
1210;0;0;0;0;0;0;0;0;0;12.4
1211;0;0;0;0;0;0;0;0;0;17.9
1212;0;0;0;0;0;0;0;0;0;23.5
1213;0;0;0;0;0;0;0;0;0;29.1
1214;0;0;0;0;0;0;0;0;0;34.3
1215;0;0;0;0;0;0;0;0;0;38.6
1216;0;0;0;0;0;0;0;0;0;41.6
1217;0;0;0;0;0;0;0;0;0;43.9
1218;0;0;0;0;0;0;0;0;0;45.9
1219;0;0;0;0;0;0;0;0;0;48.1
1220;0;0;0;0;0;0;0;0;0;50.3
1221;0;0;0;0;0;0;0;0;0;52.6
1222;0;0;0;0;0;0;0;0;0;54.8
1223;0;0;0;0;0;0;0;0;0;55.8
1224;0;0;0;0;0;0;0;0;0;55.2
1225;0;0;0;0;0;0;0;0;0;53.9
1226;0;0;0;0;0;0;0;0;0;52.7
1227;0;0;0;0;0;0;0;0;0;52.8
1228;0;0;0;0;0;0;0;0;0;55
1229;0;0;0;0;0;0;0;0;0;58.5
1230;0;0;0;0;0;0;0;0;0;62.3
1231;0;0;0;0;0;0;0;0;0;65.7
1232;0;0;0;0;0;0;0;0;0;68.1
1233;0;0;0;0;0;0;0;0;0;69.1
1234;0;0;0;0;0;0;0;0;0;69.5
1235;0;0;0;0;0;0;0;0;0;69.9
1236;0;0;0;0;0;0;0;0;0;70.6
1237;0;0;0;0;0;0;0;0;0;71.3
1238;0;0;0;0;0;0;0;0;0;72.2
1239;0;0;0;0;0;0;0;0;0;72.8
1240;0;0;0;0;0;0;0;0;0;73.2
1241;0;0;0;0;0;0;0;0;0;73.4
1242;0;0;0;0;0;0;0;0;0;73.8
1243;0;0;0;0;0;0;0;0;0;74.8
1244;0;0;0;0;0;0;0;0;0;76.7
1245;0;0;0;0;0;0;0;0;0;79.1
1246;0;0;0;0;0;0;0;0;0;81.1
1247;0;0;0;0;0;0;0;0;0;82.1
1248;0;0;0;0;0;0;0;0;0;81.7
1249;0;0;0;0;0;0;0;0;0;80.3
1250;0;0;0;0;0;0;0;0;0;78.8
1251;0;0;0;0;0;0;0;0;0;77.3
1252;0;0;0;0;0;0;0;0;0;75.9
1253;0;0;0;0;0;0;0;0;0;75
1254;0;0;0;0;0;0;0;0;0;74.7
1255;0;0;0;0;0;0;0;0;0;74.7
1256;0;0;0;0;0;0;0;0;0;74.7
1257;0;0;0;0;0;0;0;0;0;74.6
1258;0;0;0;0;0;0;0;0;0;74.4
1259;0;0;0;0;0;0;0;0;0;74.1
1260;0;0;0;0;0;0;0;0;0;73.9
1261;0;0;0;0;0;0;0;0;0;74.1
1262;0;0;0;0;0;0;0;0;0;75.1
1263;0;0;0;0;0;0;0;0;0;76.8
1264;0;0;0;0;0;0;0;0;0;78.7
1265;0;0;0;0;0;0;0;0;0;80.4
1266;0;0;0;0;0;0;0;0;0;81.7
1267;0;0;0;0;0;0;0;0;0;82.6
1268;0;0;0;0;0;0;0;0;0;83.5
1269;0;0;0;0;0;0;0;0;0;84.4
1270;0;0;0;0;0;0;0;0;0;85.1
1271;0;0;0;0;0;0;0;0;0;85.7
1272;0;0;0;0;0;0;0;0;0;86.3
1273;0;0;0;0;0;0;0;0;0;87
1274;0;0;0;0;0;0;0;0;0;87.9
1275;0;0;0;0;0;0;0;0;0;88.8
1276;0;0;0;0;0;0;0;0;0;89.7
1277;0;0;0;0;0;0;0;0;0;90.3
1278;0;0;0;0;0;0;0;0;0;90.6
1279;0;0;0;0;0;0;0;0;0;90.6
1280;0;0;0;0;0;0;0;0;0;90.5
1281;0;0;0;0;0;0;0;0;0;90.4
1282;0;0;0;0;0;0;0;0;0;90.1
1283;0;0;0;0;0;0;0;0;0;89.7
1284;0;0;0;0;0;0;0;0;0;89.3
1285;0;0;0;0;0;0;0;0;0;89
1286;0;0;0;0;0;0;0;0;0;88.8
1287;0;0;0;0;0;0;0;0;0;88.9
1288;0;0;0;0;0;0;0;0;0;89.1
1289;0;0;0;0;0;0;0;0;0;89.3
1290;0;0;0;0;0;0;0;0;0;89.4
1291;0;0;0;0;0;0;0;0;0;89.4
1292;0;0;0;0;0;0;0;0;0;89.2
1293;0;0;0;0;0;0;0;0;0;88.9
1294;0;0;0;0;0;0;0;0;0;88.5
1295;0;0;0;0;0;0;0;0;0;88
1296;0;0;0;0;0;0;0;0;0;87.5
1297;0;0;0;0;0;0;0;0;0;87.2
1298;0;0;0;0;0;0;0;0;0;87.1
1299;0;0;0;0;0;0;0;0;0;87.2
1300;0;0;0;0;0;0;0;0;0;87.3
1301;0;0;0;0;0;0;0;0;0;87.4
1302;0;0;0;0;0;0;0;0;0;87.5
1303;0;0;0;0;0;0;0;0;0;87.4
1304;0;0;0;0;0;0;0;0;0;87.1
1305;0;0;0;0;0;0;0;0;0;86.8
1306;0;0;0;0;0;0;0;0;0;86.4
1307;0;0;0;0;0;0;0;0;0;85.9
1308;0;0;0;0;0;0;0;0;0;85.2
1309;0;0;0;0;0;0;0;0;0;84
1310;0;0;0;0;0;0;0;0;0;82.2
1311;0;0;0;0;0;0;0;0;0;80.3
1312;0;0;0;0;0;0;0;0;0;78.6
1313;0;0;0;0;0;0;0;0;0;77.2
1314;0;0;0;0;0;0;0;0;0;75.9
1315;0;0;0;0;0;0;0;0;0;73.8
1316;0;0;0;0;0;0;0;0;0;70.4
1317;0;0;0;0;0;0;0;0;0;65.7
1318;0;0;0;0;0;0;0;0;0;60.5
1319;0;0;0;0;0;0;0;0;0;55.9
1320;0;0;0;0;0;0;0;0;0;53
1321;0;0;0;0;0;0;0;0;0;51.6
1322;0;0;0;0;0;0;0;0;0;50.9
1323;0;0;0;0;0;0;0;0;0;50.5
1324;0;0;0;0;0;0;0;0;0;50.2
1325;0;0;0;0;0;0;0;0;0;50.3
1326;0;0;0;0;0;0;0;0;0;50.6
1327;0;0;0;0;0;0;0;0;0;51.2
1328;0;0;0;0;0;0;0;0;0;51.8
1329;0;0;0;0;0;0;0;0;0;52.5
1330;0;0;0;0;0;0;0;0;0;53.4
1331;0;0;0;0;0;0;0;0;0;54.9
1332;0;0;0;0;0;0;0;0;0;57
1333;0;0;0;0;0;0;0;0;0;59.4
1334;0;0;0;0;0;0;0;0;0;61.9
1335;0;0;0;0;0;0;0;0;0;64.3
1336;0;0;0;0;0;0;0;0;0;66.4
1337;0;0;0;0;0;0;0;0;0;68.1
1338;0;0;0;0;0;0;0;0;0;69.6
1339;0;0;0;0;0;0;0;0;0;70.7
1340;0;0;0;0;0;0;0;0;0;71.4
1341;0;0;0;0;0;0;0;0;0;71.8
1342;0;0;0;0;0;0;0;0;0;72.8
1343;0;0;0;0;0;0;0;0;0;75
1344;0;0;0;0;0;0;0;0;0;77.8
1345;0;0;0;0;0;0;0;0;0;80.7
1346;0;0;0;0;0;0;0;0;0;83.3
1347;0;0;0;0;0;0;0;0;0;85.4
1348;0;0;0;0;0;0;0;0;0;87.3
1349;0;0;0;0;0;0;0;0;0;89.1
1350;0;0;0;0;0;0;0;0;0;90.6
1351;0;0;0;0;0;0;0;0;0;91.9
1352;0;0;0;0;0;0;0;0;0;93.2
1353;0;0;0;0;0;0;0;0;0;94.6
1354;0;0;0;0;0;0;0;0;0;96
1355;0;0;0;0;0;0;0;0;0;97.5
1356;0;0;0;0;0;0;0;0;0;99
1357;0;0;0;0;0;0;0;0;0;99.8
1358;0;0;0;0;0;0;0;0;0;99
1359;0;0;0;0;0;0;0;0;0;96.7
1360;0;0;0;0;0;0;0;0;0;93.7
1361;0;0;0;0;0;0;0;0;0;91.3
1362;0;0;0;0;0;0;0;0;0;90.4
1363;0;0;0;0;0;0;0;0;0;90.6
1364;0;0;0;0;0;0;0;0;0;91.1
1365;0;0;0;0;0;0;0;0;0;90.9
1366;0;0;0;0;0;0;0;0;0;89
1367;0;0;0;0;0;0;0;0;0;85.6
1368;0;0;0;0;0;0;0;0;0;81.6
1369;0;0;0;0;0;0;0;0;0;77.6
1370;0;0;0;0;0;0;0;0;0;73.6
1371;0;0;0;0;0;0;0;0;0;69.7
1372;0;0;0;0;0;0;0;0;0;66
1373;0;0;0;0;0;0;0;0;0;62.7
1374;0;0;0;0;0;0;0;0;0;60
1375;0;0;0;0;0;0;0;0;0;58
1376;0;0;0;0;0;0;0;0;0;56.4
1377;0;0;0;0;0;0;0;0;0;54.8
1378;0;0;0;0;0;0;0;0;0;53.3
1379;0;0;0;0;0;0;0;0;0;51.7
1380;0;0;0;0;0;0;0;0;0;50.2
1381;0;0;0;0;0;0;0;0;0;48.7
1382;0;0;0;0;0;0;0;0;0;47.2
1383;0;0;0;0;0;0;0;0;0;47.1
1384;0;0;0;0;0;0;0;0;0;47
1385;0;0;0;0;0;0;0;0;0;46.9
1386;0;0;0;0;0;0;0;0;0;46.6
1387;0;0;0;0;0;0;0;0;0;46.3
1388;0;0;0;0;0;0;0;0;0;46.1
1389;0;0;0;0;0;0;0;0;0;46.1
1390;0;0;0;0;0;0;0;0;0;46.5
1391;0;0;0;0;0;0;0;0;0;47.1
1392;0;0;0;0;0;0;0;0;0;48.1
1393;0;0;0;0;0;0;0;0;0;49.8
1394;0;0;0;0;0;0;0;0;0;52.2
1395;0;0;0;0;0;0;0;0;0;54.8
1396;0;0;0;0;0;0;0;0;0;57.3
1397;0;0;0;0;0;0;0;0;0;59.5
1398;0;0;0;0;0;0;0;0;0;61.7
1399;0;0;0;0;0;0;0;0;0;64.4
1400;0;0;0;0;0;0;0;0;0;67.7
1401;0;0;0;0;0;0;0;0;0;71.4
1402;0;0;0;0;0;0;0;0;0;74.9
1403;0;0;0;0;0;0;0;0;0;78.2
1404;0;0;0;0;0;0;0;0;0;81.1
1405;0;0;0;0;0;0;0;0;0;83.9
1406;0;0;0;0;0;0;0;0;0;86.6
1407;0;0;0;0;0;0;0;0;0;89.1
1408;0;0;0;0;0;0;0;0;0;91.6
1409;0;0;0;0;0;0;0;0;0;94
1410;0;0;0;0;0;0;0;0;0;96.3
1411;0;0;0;0;0;0;0;0;0;98.4
1412;0;0;0;0;0;0;0;0;0;100.4
1413;0;0;0;0;0;0;0;0;0;102.1
1414;0;0;0;0;0;0;0;0;0;103.6
1415;0;0;0;0;0;0;0;0;0;104.9
1416;0;0;0;0;0;0;0;0;0;106.2
1417;0;0;0;0;0;0;0;0;0;107.5
1418;0;0;0;0;0;0;0;0;0;108.5
1419;0;0;0;0;0;0;0;0;0;109.3
1420;0;0;0;0;0;0;0;0;0;109.9
1421;0;0;0;0;0;0;0;0;0;110.5
1422;0;0;0;0;0;0;0;0;0;110.9
1423;0;0;0;0;0;0;0;0;0;111.2
1424;0;0;0;0;0;0;0;0;0;111.4
1425;0;0;0;0;0;0;0;0;0;111.7
1426;0;0;0;0;0;0;0;0;0;111.9
1427;0;0;0;0;0;0;0;0;0;112.3
1428;0;0;0;0;0;0;0;0;0;113
1429;0;0;0;0;0;0;0;0;0;114.1
1430;0;0;0;0;0;0;0;0;0;115.7
1431;0;0;0;0;0;0;0;0;0;117.5
1432;0;0;0;0;0;0;0;0;0;119.3
1433;0;0;0;0;0;0;0;0;0;121
1434;0;0;0;0;0;0;0;0;0;122.2
1435;0;0;0;0;0;0;0;0;0;122.9
1436;0;0;0;0;0;0;0;0;0;123
1437;0;0;0;0;0;0;0;0;0;122.9
1438;0;0;0;0;0;0;0;0;0;122.8
1439;0;0;0;0;0;0;0;0;0;122.6
1440;0;0;0;0;0;0;0;0;0;122.4
1441;0;0;0;0;0;0;0;0;0;122.3
1442;0;0;0;0;0;0;0;0;0;122.2
1443;0;0;0;0;0;0;0;0;0;122.2
1444;0;0;0;0;0;0;0;0;0;122.2
1445;0;0;0;0;0;0;0;0;0;122.2
1446;0;0;0;0;0;0;0;0;0;122.3
1447;0;0;0;0;0;0;0;0;0;122.4
1448;0;0;0;0;0;0;0;0;0;122.5
1449;0;0;0;0;0;0;0;0;0;122.5
1450;0;0;0;0;0;0;0;0;0;122.5
1451;0;0;0;0;0;0;0;0;0;122.5
1452;0;0;0;0;0;0;0;0;0;122.5
1453;0;0;0;0;0;0;0;0;0;122.7
1454;0;0;0;0;0;0;0;0;0;122.8
1455;0;0;0;0;0;0;0;0;0;123
1456;0;0;0;0;0;0;0;0;0;123.2
1457;0;0;0;0;0;0;0;0;0;123.3
1458;0;0;0;0;0;0;0;0;0;123.4
1459;0;0;0;0;0;0;0;0;0;123.5
1460;0;0;0;0;0;0;0;0;0;123.5
1461;0;0;0;0;0;0;0;0;0;123.6
1462;0;0;0;0;0;0;0;0;0;123.8
1463;0;0;0;0;0;0;0;0;0;124
1464;0;0;0;0;0;0;0;0;0;124.2
1465;0;0;0;0;0;0;0;0;0;124.5
1466;0;0;0;0;0;0;0;0;0;124.7
1467;0;0;0;0;0;0;0;0;0;125
1468;0;0;0;0;0;0;0;0;0;125.1
1469;0;0;0;0;0;0;0;0;0;125.2
1470;0;0;0;0;0;0;0;0;0;125.3
1471;0;0;0;0;0;0;0;0;0;125.3
1472;0;0;0;0;0;0;0;0;0;125.3
1473;0;0;0;0;0;0;0;0;0;125.2
1474;0;0;0;0;0;0;0;0;0;125
1475;0;0;0;0;0;0;0;0;0;124.8
1476;0;0;0;0;0;0;0;0;0;124.6
1477;0;0;0;0;0;0;0;0;0;124.4
1478;0;0;0;0;0;0;0;0;0;124.3
1479;0;0;0;0;0;0;0;0;0;123.9
1480;0;0;0;0;0;0;0;0;0;123.3
1481;0;0;0;0;0;0;0;0;0;122.1
1482;0;0;0;0;0;0;0;0;0;120.3
1483;0;0;0;0;0;0;0;0;0;118
1484;0;0;0;0;0;0;0;0;0;115.5
1485;0;0;0;0;0;0;0;0;0;113.2
1486;0;0;0;0;0;0;0;0;0;111.2
1487;0;0;0;0;0;0;0;0;0;110.1
1488;0;0;0;0;0;0;0;0;0;109.7
1489;0;0;0;0;0;0;0;0;0;109.8
1490;0;0;0;0;0;0;0;0;0;110.1
1491;0;0;0;0;0;0;0;0;0;110.4
1492;0;0;0;0;0;0;0;0;0;110.7
1493;0;0;0;0;0;0;0;0;0;110.9
1494;0;0;0;0;0;0;0;0;0;110.9
1495;0;0;0;0;0;0;0;0;0;110.8
1496;0;0;0;0;0;0;0;0;0;110.7
1497;0;0;0;0;0;0;0;0;0;110.4
1498;0;0;0;0;0;0;0;0;0;110.1
1499;0;0;0;0;0;0;0;0;0;109.9
1500;0;0;0;0;0;0;0;0;0;109.8
1501;0;0;0;0;0;0;0;0;0;109.9
1502;0;0;0;0;0;0;0;0;0;110.2
1503;0;0;0;0;0;0;0;0;0;110.4
1504;0;0;0;0;0;0;0;0;0;110.7
1505;0;0;0;0;0;0;0;0;0;110.7
1506;0;0;0;0;0;0;0;0;0;110.3
1507;0;0;0;0;0;0;0;0;0;109.3
1508;0;0;0;0;0;0;0;0;0;108
1509;0;0;0;0;0;0;0;0;0;106.5
1510;0;0;0;0;0;0;0;0;0;105.4
1511;0;0;0;0;0;0;0;0;0;104.9
1512;0;0;0;0;0;0;0;0;0;104.7
1513;0;0;0;0;0;0;0;0;0;104.3
1514;0;0;0;0;0;0;0;0;0;103.6
1515;0;0;0;0;0;0;0;0;0;102.6
1516;0;0;0;0;0;0;0;0;0;101.7
1517;0;0;0;0;0;0;0;0;0;100.8
1518;0;0;0;0;0;0;0;0;0;100.2
1519;0;0;0;0;0;0;0;0;0;99.8
1520;0;0;0;0;0;0;0;0;0;99.7
1521;0;0;0;0;0;0;0;0;0;99.7
1522;0;0;0;0;0;0;0;0;0;100
1523;0;0;0;0;0;0;0;0;0;100.7
1524;0;0;0;0;0;0;0;0;0;101.8
1525;0;0;0;0;0;0;0;0;0;103.2
1526;0;0;0;0;0;0;0;0;0;104.9
1527;0;0;0;0;0;0;0;0;0;106.6
1528;0;0;0;0;0;0;0;0;0;108.3
1529;0;0;0;0;0;0;0;0;0;109.9
1530;0;0;0;0;0;0;0;0;0;111.4
1531;0;0;0;0;0;0;0;0;0;112.7
1532;0;0;0;0;0;0;0;0;0;113.7
1533;0;0;0;0;0;0;0;0;0;114.3
1534;0;0;0;0;0;0;0;0;0;114.6
1535;0;0;0;0;0;0;0;0;0;115
1536;0;0;0;0;0;0;0;0;0;115.4
1537;0;0;0;0;0;0;0;0;0;115.8
1538;0;0;0;0;0;0;0;0;0;116.2
1539;0;0;0;0;0;0;0;0;0;116.5
1540;0;0;0;0;0;0;0;0;0;116.6
1541;0;0;0;0;0;0;0;0;0;116.7
1542;0;0;0;0;0;0;0;0;0;116.8
1543;0;0;0;0;0;0;0;0;0;117
1544;0;0;0;0;0;0;0;0;0;117.5
1545;0;0;0;0;0;0;0;0;0;118.3
1546;0;0;0;0;0;0;0;0;0;119.2
1547;0;0;0;0;0;0;0;0;0;120.1
1548;0;0;0;0;0;0;0;0;0;120.8
1549;0;0;0;0;0;0;0;0;0;121.1
1550;0;0;0;0;0;0;0;0;0;120.7
1551;0;0;0;0;0;0;0;0;0;119
1552;0;0;0;0;0;0;0;0;0;116.3
1553;0;0;0;0;0;0;0;0;0;113.1
1554;0;0;0;0;0;0;0;0;0;110.3
1555;0;0;0;0;0;0;0;0;0;109
1556;0;0;0;0;0;0;0;0;0;109.4
1557;0;0;0;0;0;0;0;0;0;110.4
1558;0;0;0;0;0;0;0;0;0;111.3
1559;0;0;0;0;0;0;0;0;0;111.5
1560;0;0;0;0;0;0;0;0;0;110.1
1561;0;0;0;0;0;0;0;0;0;107.4
1562;0;0;0;0;0;0;0;0;0;104.4
1563;0;0;0;0;0;0;0;0;0;101.8
1564;0;0;0;0;0;0;0;0;0;100
1565;0;0;0;0;0;0;0;0;0;99.1
1566;0;0;0;0;0;0;0;0;0;98.7
1567;0;0;0;0;0;0;0;0;0;98.2
1568;0;0;0;0;0;0;0;0;0;99
1569;0;0;0;0;0;0;0;0;0;100.5
1570;0;0;0;0;0;0;0;0;0;102.3
1571;0;0;0;0;0;0;0;0;0;103.9
1572;0;0;0;0;0;0;0;0;0;105
1573;0;0;0;0;0;0;0;0;0;105.8
1574;0;0;0;0;0;0;0;0;0;106.5
1575;0;0;0;0;0;0;0;0;0;107.1
1576;0;0;0;0;0;0;0;0;0;107.7
1577;0;0;0;0;0;0;0;0;0;108.4
1578;0;0;0;0;0;0;0;0;0;109
1579;0;0;0;0;0;0;0;0;0;109.6
1580;0;0;0;0;0;0;0;0;0;110.3
1581;0;0;0;0;0;0;0;0;0;110.9
1582;0;0;0;0;0;0;0;0;0;111.5
1583;0;0;0;0;0;0;0;0;0;112
1584;0;0;0;0;0;0;0;0;0;112.3
1585;0;0;0;0;0;0;0;0;0;112.6
1586;0;0;0;0;0;0;0;0;0;112.9
1587;0;0;0;0;0;0;0;0;0;113.1
1588;0;0;0;0;0;0;0;0;0;113.3
1589;0;0;0;0;0;0;0;0;0;113.3
1590;0;0;0;0;0;0;0;0;0;113.2
1591;0;0;0;0;0;0;0;0;0;113.2
1592;0;0;0;0;0;0;0;0;0;113.3
1593;0;0;0;0;0;0;0;0;0;113.5
1594;0;0;0;0;0;0;0;0;0;113.9
1595;0;0;0;0;0;0;0;0;0;114.3
1596;0;0;0;0;0;0;0;0;0;114.6
1597;0;0;0;0;0;0;0;0;0;114.9
1598;0;0;0;0;0;0;0;0;0;115.1
1599;0;0;0;0;0;0;0;0;0;115.3
1600;0;0;0;0;0;0;0;0;0;115.4
1601;0;0;0;0;0;0;0;0;0;115.5
1602;0;0;0;0;0;0;0;0;0;115.6
1603;0;0;0;0;0;0;0;0;0;115.8
1604;0;0;0;0;0;0;0;0;0;115.9
1605;0;0;0;0;0;0;0;0;0;116
1606;0;0;0;0;0;0;0;0;0;116
1607;0;0;0;0;0;0;0;0;0;116
1608;0;0;0;0;0;0;0;0;0;116
1609;0;0;0;0;0;0;0;0;0;115.9
1610;0;0;0;0;0;0;0;0;0;115.9
1611;0;0;0;0;0;0;0;0;0;115.9
1612;0;0;0;0;0;0;0;0;0;115.8
1613;0;0;0;0;0;0;0;0;0;115.8
1614;0;0;0;0;0;0;0;0;0;115.8
1615;0;0;0;0;0;0;0;0;0;115.8
1616;0;0;0;0;0;0;0;0;0;115.8
1617;0;0;0;0;0;0;0;0;0;115.8
1618;0;0;0;0;0;0;0;0;0;115.9
1619;0;0;0;0;0;0;0;0;0;116
1620;0;0;0;0;0;0;0;0;0;116.2
1621;0;0;0;0;0;0;0;0;0;116.4
1622;0;0;0;0;0;0;0;0;0;116.6
1623;0;0;0;0;0;0;0;0;0;116.8
1624;0;0;0;0;0;0;0;0;0;117.1
1625;0;0;0;0;0;0;0;0;0;117.4
1626;0;0;0;0;0;0;0;0;0;117.9
1627;0;0;0;0;0;0;0;0;0;118.4
1628;0;0;0;0;0;0;0;0;0;118.9
1629;0;0;0;0;0;0;0;0;0;119.2
1630;0;0;0;0;0;0;0;0;0;119.5
1631;0;0;0;0;0;0;0;0;0;119.7
1632;0;0;0;0;0;0;0;0;0;119.9
1633;0;0;0;0;0;0;0;0;0;120.1
1634;0;0;0;0;0;0;0;0;0;120.3
1635;0;0;0;0;0;0;0;0;0;120.5
1636;0;0;0;0;0;0;0;0;0;120.8
1637;0;0;0;0;0;0;0;0;0;121.1
1638;0;0;0;0;0;0;0;0;0;121.5
1639;0;0;0;0;0;0;0;0;0;122
1640;0;0;0;0;0;0;0;0;0;122.3
1641;0;0;0;0;0;0;0;0;0;122.6
1642;0;0;0;0;0;0;0;0;0;122.9
1643;0;0;0;0;0;0;0;0;0;123.1
1644;0;0;0;0;0;0;0;0;0;123.2
1645;0;0;0;0;0;0;0;0;0;123.4
1646;0;0;0;0;0;0;0;0;0;123.5
1647;0;0;0;0;0;0;0;0;0;123.7
1648;0;0;0;0;0;0;0;0;0;123.9
1649;0;0;0;0;0;0;0;0;0;124.2
1650;0;0;0;0;0;0;0;0;0;124.5
1651;0;0;0;0;0;0;0;0;0;124.8
1652;0;0;0;0;0;0;0;0;0;125
1653;0;0;0;0;0;0;0;0;0;125.2
1654;0;0;0;0;0;0;0;0;0;125.3
1655;0;0;0;0;0;0;0;0;0;125.1
1656;0;0;0;0;0;0;0;0;0;124.4
1657;0;0;0;0;0;0;0;0;0;123.3
1658;0;0;0;0;0;0;0;0;0;122.1
1659;0;0;0;0;0;0;0;0;0;120.8
1660;0;0;0;0;0;0;0;0;0;119.5
1661;0;0;0;0;0;0;0;0;0;118.4
1662;0;0;0;0;0;0;0;0;0;117.8
1663;0;0;0;0;0;0;0;0;0;117.6
1664;0;0;0;0;0;0;0;0;0;117.5
1665;0;0;0;0;0;0;0;0;0;117.5
1666;0;0;0;0;0;0;0;0;0;117.4
1667;0;0;0;0;0;0;0;0;0;117.3
1668;0;0;0;0;0;0;0;0;0;117.1
1669;0;0;0;0;0;0;0;0;0;116.9
1670;0;0;0;0;0;0;0;0;0;116.6
1671;0;0;0;0;0;0;0;0;0;116.5
1672;0;0;0;0;0;0;0;0;0;116.4
1673;0;0;0;0;0;0;0;0;0;116.4
1674;0;0;0;0;0;0;0;0;0;116.5
1675;0;0;0;0;0;0;0;0;0;116.7
1676;0;0;0;0;0;0;0;0;0;117
1677;0;0;0;0;0;0;0;0;0;117.3
1678;0;0;0;0;0;0;0;0;0;117.7
1679;0;0;0;0;0;0;0;0;0;118.1
1680;0;0;0;0;0;0;0;0;0;118.5
1681;0;0;0;0;0;0;0;0;0;118.8
1682;0;0;0;0;0;0;0;0;0;118.9
1683;0;0;0;0;0;0;0;0;0;119.1
1684;0;0;0;0;0;0;0;0;0;119.1
1685;0;0;0;0;0;0;0;0;0;119.2
1686;0;0;0;0;0;0;0;0;0;119.2
1687;0;0;0;0;0;0;0;0;0;119.2
1688;0;0;0;0;0;0;0;0;0;119.3
1689;0;0;0;0;0;0;0;0;0;119.3
1690;0;0;0;0;0;0;0;0;0;119.4
1691;0;0;0;0;0;0;0;0;0;119.5
1692;0;0;0;0;0;0;0;0;0;119.5
1693;0;0;0;0;0;0;0;0;0;119.3
1694;0;0;0;0;0;0;0;0;0;119.1
1695;0;0;0;0;0;0;0;0;0;118.7
1696;0;0;0;0;0;0;0;0;0;118.2
1697;0;0;0;0;0;0;0;0;0;117.9
1698;0;0;0;0;0;0;0;0;0;117.6
1699;0;0;0;0;0;0;0;0;0;117.5
1700;0;0;0;0;0;0;0;0;0;117.5
1701;0;0;0;0;0;0;0;0;0;117.4
1702;0;0;0;0;0;0;0;0;0;117.3
1703;0;0;0;0;0;0;0;0;0;117
1704;0;0;0;0;0;0;0;0;0;116.7
1705;0;0;0;0;0;0;0;0;0;116.4
1706;0;0;0;0;0;0;0;0;0;116.1
1707;0;0;0;0;0;0;0;0;0;115.9
1708;0;0;0;0;0;0;0;0;0;115.7
1709;0;0;0;0;0;0;0;0;0;115.5
1710;0;0;0;0;0;0;0;0;0;115.3
1711;0;0;0;0;0;0;0;0;0;115.2
1712;0;0;0;0;0;0;0;0;0;115
1713;0;0;0;0;0;0;0;0;0;114.9
1714;0;0;0;0;0;0;0;0;0;114.9
1715;0;0;0;0;0;0;0;0;0;115
1716;0;0;0;0;0;0;0;0;0;115.2
1717;0;0;0;0;0;0;0;0;0;115.3
1718;0;0;0;0;0;0;0;0;0;115.4
1719;0;0;0;0;0;0;0;0;0;115.4
1720;0;0;0;0;0;0;0;0;0;115.2
1721;0;0;0;0;0;0;0;0;0;114.8
1722;0;0;0;0;0;0;0;0;0;114.4
1723;0;0;0;0;0;0;0;0;0;113.9
1724;0;0;0;0;0;0;0;0;0;113.6
1725;0;0;0;0;0;0;0;0;0;113.5
1726;0;0;0;0;0;0;0;0;0;113.5
1727;0;0;0;0;0;0;0;0;0;113.6
1728;0;0;0;0;0;0;0;0;0;113.7
1729;0;0;0;0;0;0;0;0;0;113.8
1730;0;0;0;0;0;0;0;0;0;113.9
1731;0;0;0;0;0;0;0;0;0;114
1732;0;0;0;0;0;0;0;0;0;114
1733;0;0;0;0;0;0;0;0;0;114.1
1734;0;0;0;0;0;0;0;0;0;114.2
1735;0;0;0;0;0;0;0;0;0;114.4
1736;0;0;0;0;0;0;0;0;0;114.5
1737;0;0;0;0;0;0;0;0;0;114.6
1738;0;0;0;0;0;0;0;0;0;114.7
1739;0;0;0;0;0;0;0;0;0;114.8
1740;0;0;0;0;0;0;0;0;0;115
1741;0;0;0;0;0;0;0;0;0;115.3
1742;0;0;0;0;0;0;0;0;0;116
1743;0;0;0;0;0;0;0;0;0;116.7
1744;0;0;0;0;0;0;0;0;0;117.5
1745;0;0;0;0;0;0;0;0;0;118.2
1746;0;0;0;0;0;0;0;0;0;118.6
1747;0;0;0;0;0;0;0;0;0;118.7
1748;0;0;0;0;0;0;0;0;0;118.8
1749;0;0;0;0;0;0;0;0;0;118.8
1750;0;0;0;0;0;0;0;0;0;118.9
1751;0;0;0;0;0;0;0;0;0;119.1
1752;0;0;0;0;0;0;0;0;0;119.4
1753;0;0;0;0;0;0;0;0;0;119.7
1754;0;0;0;0;0;0;0;0;0;119.9
1755;0;0;0;0;0;0;0;0;0;120
1756;0;0;0;0;0;0;0;0;0;119.7
1757;0;0;0;0;0;0;0;0;0;118.4
1758;0;0;0;0;0;0;0;0;0;115.9
1759;0;0;0;0;0;0;0;0;0;113.2
1760;0;0;0;0;0;0;0;0;0;110.5
1761;0;0;0;0;0;0;0;0;0;107.2
1762;0;0;0;0;0;0;0;0;0;104
1763;0;0;0;0;0;0;0;0;0;100.4
1764;0;0;0;0;0;0;0;0;0;96.8
1765;0;0;0;0;0;0;0;0;0;92.8
1766;0;0;0;0;0;0;0;0;0;88.9
1767;0;0;0;0;0;0;0;0;0;84.9
1768;0;0;0;0;0;0;0;0;0;80.6
1769;0;0;0;0;0;0;0;0;0;76.3
1770;0;0;0;0;0;0;0;0;0;72.3
1771;0;0;0;0;0;0;0;0;0;68.7
1772;0;0;0;0;0;0;0;0;0;65.5
1773;0;0;0;0;0;0;0;0;0;63
1774;0;0;0;0;0;0;0;0;0;61.2
1775;0;0;0;0;0;0;0;0;0;60.5
1776;0;0;0;0;0;0;0;0;0;60
1777;0;0;0;0;0;0;0;0;0;59.7
1778;0;0;0;0;0;0;0;0;0;59.4
1779;0;0;0;0;0;0;0;0;0;59.4
1780;0;0;0;0;0;0;0;0;0;58
1781;0;0;0;0;0;0;0;0;0;55
1782;0;0;0;0;0;0;0;0;0;51
1783;0;0;0;0;0;0;0;0;0;46
1784;0;0;0;0;0;0;0;0;0;38.8
1785;0;0;0;0;0;0;0;0;0;31.6
1786;0;0;0;0;0;0;0;0;0;24.4
1787;0;0;0;0;0;0;0;0;0;17.2
1788;0;0;0;0;0;0;0;0;0;10
1789;0;0;0;0;0;0;0;0;0;5
1790;0;0;0;0;0;0;0;0;0;2
1791;0;0;0;0;0;0;0;0;0;0
1792;0;0;0;0;0;0;0;0;0;0
1793;0;0;0;0;0;0;0;0;0;0
1794;0;0;0;0;0;0;0;0;0;0
1795;0;0;0;0;0;0;0;0;0;0
1796;0;0;0;0;0;0;0;0;0;0
1797;0;0;0;0;0;0;0;0;0;0
1798;0;0;0;0;0;0;0;0;0;0
1799;0;0;0;0;0;0;0;0;0;0
1800;0;0;0;0;0;0;0;0;0;0
