0;0;1.0
1;1;1.0
2;2;1.0
3;3;1.0
3;511;-4.78e-07
4;4;1.0
4;247;-122.4
5;5;1.0
5;248;-122.4
6;6;1.0
6;246;-122.4
7;7;1.0
7;245;-122.4
8;8;1.0
8;389;-2.3824359378088957e-10
8;390;-2.642745211311632e-10
8;391;-2.3360841947315784e-10
8;393;-2.5563792772878314e-10
9;9;1.0
10;10;1.0
11;11;1.0
12;12;1.0
12;389;-3.573653906713343e-08
12;390;-3.964117816967447e-08
12;391;-3.504126292097367e-08
12;393;-3.834568915931747e-08
13;13;1.0
14;14;1.0
15;15;1.0
16;16;1.0
17;17;1.0
18;18;1.0
19;19;1.0
19;511;-0.06
20;20;1.0
20;488;-0.00018385650224215247
20;489;-0.00018721461187214613
21;21;1.0
22;22;1.0
22;244;-0.0069264
23;23;1.0
24;24;1.0
24;346;-0.3725
25;25;1.0
25;43;-0.39
25;44;-0.39
26;26;1.0
26;40;-0.12916952642415921
27;27;1.0
27;41;-0.8574855942376951
28;28;1.0
28;42;-0.1276923076923077
29;29;1.0
29;40;-0.13150308853809195
30;30;1.0
30;41;-0.8574855942376951
31;31;1.0
31;42;-0.18923076923076923
32;32;1.0
32;177;-0.012598425196850395
33;33;1.0
34;34;1.0
35;35;1.0
36;36;1.0
36;511;-0.00042
37;37;1.0
37;511;-0.3
38;38;1.0
38;511;-0.006
39;39;1.0
40;40;1.0
41;41;1.0
42;42;1.0
43;43;1.0
44;44;1.0
45;39;-0.1
45;45;1.0
46;39;-0.8
46;46;1.0
47;46;-0.11
47;47;1.0
48;46;-0.3
48;48;1.0
49;49;1.0
50;50;1.0
51;51;1.0
52;52;1.0
52;389;-9.529970089439819e-08
52;390;-1.057123191357365e-07
52;391;-9.344558713582851e-08
52;393;-1.0225759972468566e-07
53;53;1.0
54;54;1.0
55;55;1.0
56;56;1.0
56;389;-2.382435937808895e-12
56;390;-2.642745211311632e-12
56;391;-2.336084194731578e-12
56;393;-2.556379277287831e-12
57;57;1.0
57;306;-0.034
58;58;1.0
58;62;-1.00057
59;59;1.0
59;65;-1.00057
60;60;1.0
60;63;-1.00057
61;61;1.0
61;64;-1.00057
62;62;1.0
63;63;1.0
64;64;1.0
65;65;1.0
66;66;1.0
67;67;1.0
67;411;-1.0
68;68;1.0
68;511;-0.009
69;69;1.0
70;70;1.0
70;389;-1.6677504241070746e-07
70;390;-1.849971861583567e-07
70;391;-1.6353033232434125e-07
70;393;-1.7895140667649304e-07
71;71;1.0
72;72;1.0
73;73;1.0
74;4;-0.06931778213579072
74;6;-0.06953552895201975
74;74;1.0
74;238;-19.58557
74;239;-19.58557
74;240;-10.6899
74;241;-10.68991
74;389;-0.05124742496104852
74;391;-0.051343058496715124
75;75;1.0
75;511;-3.0
75;512;-0.000653640049533347
75;516;-0.000508148594987174
76;76;1.0
77;77;1.0
78;78;1.0
79;79;1.0
79;512;-0.0297397474507605
79;513;-0.00143931567462651
79;514;-0.0175140914957901
79;516;-0.00220627118232632
80;80;1.0
80;512;-7.02038220839227e-06
80;516;-0.000623529044011057
81;81;1.0
81;512;-0.00256785793715849
81;514;-0.0134747041131238
81;516;-0.00215716032667506
82;82;1.0
82;511;-0.6
83;6;-0.004903199101220616
83;7;-0.07489031753632377
83;83;1.0
83;177;-0.001629106706489275
83;178;-0.7020408163265306
83;391;-0.02175382227891314
83;393;-0.07435244822059708
83;512;-0.0433926653724011
83;513;-0.00261228258157648
83;514;-0.0253682826353956
83;515;-0.02239020829548098
83;516;-0.0371539117246167
84;84;1.0
84;244;-18.024
84;269;-0.192
84;512;-0.149805036939872
84;513;-0.0131121774826084
84;514;-0.176057542418772
84;515;-0.1470629095323086
84;516;-0.0272025151945315
85;85;1.0
85;512;-0.0136909761396828
85;513;-0.0121994752581018
85;514;-0.0105195186936715
85;515;-0.5843558594445183
85;516;-0.00470890944461147
85;897;-0.00026
86;4;-0.004903199101220616
86;5;-0.07403558230941645
86;60;-1.6368
86;61;-0.14880000000000002
86;86;1.0
86;165;-0.4288
86;166;-0.4288
86;167;-0.4288
86;236;-21.1966
86;237;-21.1966
86;238;-1.5237
86;239;-1.5237
86;240;-7.9364
86;241;-7.936385
86;242;-18.62
86;243;-18.62614
86;389;-0.021570374032723553
86;390;-0.07429430434913233
86;488;-1.3713596052052344
86;489;-2.771935886930641
86;512;-0.878738609280462
86;513;-1.23045321291601
86;514;-0.00123253836746408
86;515;-0.001881154643475704
86;516;-0.168499030742732
86;535;-3.46
86;536;-0.36
86;815;-0.13206758828730655
86;898;-3.4083419999999993
87;87;1.0
87;512;-0.00193614834770559
87;515;-0.0001364426423488863
87;516;-0.00125163285904052
88;88;1.0
88;492;-0.021
89;89;1.0
89;512;-0.008993995506775
89;513;-0.00182653273671102
89;514;-0.00938760867777839
89;516;-0.00293737770579627
90;66;-1.386149e-05
90;90;1.0
90;299;-1.386149e-05
91;91;1.0
91;512;-0.016295430427857
91;513;-0.00127678507655295
91;514;-0.00281709975384097
91;516;-0.00375831909354023
92;58;-2.85
92;59;-2.85
92;60;-2.85
92;61;-2.85
92;92;1.0
92;139;-1.82
92;140;-0.06
92;164;-1.91
92;165;-1.91
92;166;-1.91
92;167;-1.91
92;168;-1.91
92;488;-4.021359605205234
92;492;-1.0
92;512;-2.17015471250728
92;513;-1.45648391278383
92;514;-0.00123045025896688
92;515;0.001866745325280486
92;516;-1.66954911493118
92;544;-1.81133333333333
92;545;-1.81133333333333
92;546;-1.81133333333333
92;547;-1.81133333333333
92;867;-1.81133333333333
92;868;-1.81133333333333
92;869;-1.81133333333333
92;870;-1.81133333333333
92;871;-1.81133333333333
92;898;-5.3592
93;93;1.0
93;201;-0.7444
93;202;-0.16621848739495798
93;203;-0.21368817204301077
93;206;-0.05110630110630111
93;557;-7.140000000000001
94;94;1.0
94;389;-5.003206004680376e-07
94;390;-5.549865371085275e-07
94;391;-4.905865582798929e-07
94;393;-5.368493627631341e-07
94;515;-0.001467486536042478
95;95;1.0
96;96;1.0
96;512;-0.00108630715115178
96;515;-0.001339655855137307
96;516;-0.000744766860839538
97;97;1.0
97;515;-0.001287976710850761
98;98;1.0
98;429;-0.875
99;99;1.0
100;100;1.0
100;815;-1.6694063119110985e-06
101;101;1.0
101;515;-0.0001262453990160267
102;102;1.0
103;103;1.0
103;512;-0.00305308259101963
103;516;-0.000517184165671171
104;104;1.0
104;411;-1.0
105;43;-0.43
105;105;1.0
106;40;-0.05600549073438572
106;106;1.0
107;41;-0.8574855942376951
107;107;1.0
108;42;-0.06461538461538462
108;108;1.0
109;40;-0.3891557995881949
109;109;1.0
110;41;-0.2518967587034814
110;42;-0.2569230769230769
110;110;1.0
111;44;-0.43
111;111;1.0
112;40;-0.03129718599862732
112;41;-0.0310984393757503
112;42;-0.03076923076923077
112;43;-0.0067
112;44;-0.0067
112;112;1.0
113;113;1.0
113;514;-0.00481149718886945
114;114;1.0
114;514;-0.00141700848828484
115;115;1.0
115;511;-6.0
115;512;-0.00107273937169882
115;514;-0.00245437021050929
115;516;-0.000701237095408489
116;116;1.0
117;117;1.0
118;118;1.0
119;119;1.0
120;120;1.0
121;121;1.0
122;122;1.0
122;511;-0.0006
123;123;1.0
123;129;-0.023
124;124;1.0
124;513;-0.00262508454019263
125;125;1.0
125;512;-0.0413870560807596
125;513;-0.0035338724592215
125;514;-0.0069496099735872
125;516;-0.00284985039732383
126;126;1.0
126;512;-0.0280487294968274
126;513;-0.00370502184441226
126;514;-0.677701920929581
126;516;-0.00340080575468063
127;104;-0.2405002405002405
127;127;1.0
128;128;1.0
128;316;-0.57
128;317;-0.34
129;39;-0.1
129;129;1.0
130;130;1.0
131;131;1.0
132;132;1.0
133;133;1.0
133;364;-1.02459
134;134;1.0
134;365;-1.0246
135;135;1.0
136;136;1.0
137;137;1.0
138;138;1.0
138;511;-0.3
139;139;1.0
139;505;-1.00057
140;140;1.0
140;506;-1.00057
141;141;1.0
141;410;-0.0027881040892193307
142;133;-9.959999999999999e-07
142;142;1.0
142;168;-2.6263999999999998e-05
142;280;-1e-07
142;337;-2.981e-05
142;387;-1.2e-07
142;389;-2.3824359378088956e-08
142;390;-2.642745211311632e-08
142;391;-2.336084194731578e-08
142;393;-2.5563792772878316e-08
142;413;-3.03e-08
142;418;-3e-08
142;462;-4.44e-05
142;515;-9.518493843389662e-05
143;143;1.0
144;144;1.0
144;515;-0.0005055214295259308
145;145;1.0
145;515;-0.01798582820935241
146;43;-0.16
146;44;-0.16
146;146;1.0
147;40;-0.21153054221002057
147;147;1.0
148;41;-0.8574855942376951
148;148;1.0
149;42;-0.25846153846153846
149;149;1.0
150;150;1.0
150;411;-1.0
151;151;1.0
151;306;-0.0016
152;152;1.0
152;306;-0.0049
153;153;1.0
153;512;-0.029230581652662
153;513;-0.00241061645721254
153;514;-0.00480090687595465
153;516;-0.00193165614277739
154;134;-1.0
154;154;1.0
154;280;-1.0
154;337;-1.0
154;387;-1.0
154;388;-1.0
154;413;-1.0
154;418;-1.0
154;454;-1.0
154;462;-1.0
154;480;-18.5
154;488;-55.5
154;489;-55.5
154;512;-23.7954065953778
154;513;-0.0300510967008486
154;514;-0.116199895315208
154;516;-18.2632583940266
154;544;-19.6
154;545;-19.6
154;546;-19.6
154;547;-19.6
154;867;-20.4
154;868;-20.4
154;869;-20.4
154;870;-20.4
154;871;-20.4
154;876;-1.0
154;928;-1.0
155;155;1.0
155;512;-0.00259178733538646
155;516;-0.00199953466502585
156;156;1.0
156;512;-0.232543924271775
156;513;-0.0148954208246597
156;514;-0.0202994118315156
156;516;-0.0108739088105711
157;157;1.0
157;512;-0.247542730884833
157;513;-0.0231092268615785
157;514;-0.044366261423702
157;516;-0.0173753936335754
158;158;1.0
158;346;-0.5997029945432004
159;159;1.0
160;160;1.0
161;161;1.0
162;162;1.0
163;163;1.0
164;164;1.0
164;169;-1.00057
165;165;1.0
165;170;-1.00057
166;166;1.0
166;171;-1.00057
167;167;1.0
167;172;-1.00057
168;168;1.0
168;173;-1.00057
169;169;1.0
170;170;1.0
171;171;1.0
172;172;1.0
173;173;1.0
174;174;1.0
175;175;1.0
176;176;1.0
177;177;1.0
177;190;-14.71034758290052
178;178;1.0
178;179;-2.912
178;180;-6.281948881789138
179;179;1.0
179;185;-0.9796019900497513
180;179;-1.252
180;180;1.0
181;181;1.0
181;191;-1.497373829641471
182;182;1.0
182;186;-1.001085383502171
183;183;1.0
183;189;-0.9892787524366471
184;93;-1.0
184;184;1.0
185;185;1.0
185;193;-0.9203296703296702
186;186;1.0
186;188;-0.9949658396260337
187;182;-1.6230574629562702
187;187;1.0
188;188;1.0
188;194;-1.0
189;184;-1.026
189;189;1.0
190;180;-1.9992012779552717
190;190;1.0
191;187;-0.9750612335782676
191;191;1.0
192;190;-1.1106671993607669
192;192;1.0
193;183;-1.0758620689655174
193;193;1.0
194;192;-1.0
194;194;1.0
195;98;-1.93e-09
195;195;1.0
196;196;1.0
196;511;-0.003
197;197;1.0
197;389;-2.3824359378088956e-08
197;390;-2.642745211311632e-08
197;391;-2.336084194731578e-08
197;393;-2.5563792772878316e-08
198;198;1.0
199;199;1.0
200;200;1.0
201;201;1.0
202;202;1.0
203;203;1.0
204;204;1.0
205;205;1.0
205;512;-0.028379845541182
205;513;-0.0223117148423697
205;514;-0.00560663811036754
205;516;-0.00695589502098617
206;206;1.0
206;411;-1.0
207;207;1.0
207;514;-0.00640857232067048
208;208;1.0
208;512;-0.0261283676348811
208;513;-0.0303506736402275
208;514;-0.00661657608854424
208;516;-0.00299236352750271
209;139;-6.7e-12
209;140;-6.7e-12
209;209;1.0
210;210;1.0
211;211;1.0
211;512;-0.00181916983795653
211;514;-0.00222385762236662
211;516;-0.00159953640584049
212;212;1.0
212;512;-0.157092350103479
212;513;-0.00622539004691176
212;514;-0.055398762787398
212;516;-0.12523145536307
213;201;-0.07352941176470588
213;213;1.0
214;47;-0.46
214;214;1.0
215;39;-0.0014
215;43;-100.0
215;44;-100.0
215;127;-4.68
215;139;-3.6416023188405786
215;140;-3.6416023188405786
215;215;1.0
215;273;-1.5
215;367;-5.5
215;368;-5.5
215;397;-12.5
215;512;-0.0137777054589322
215;514;-0.00654774431206111
215;516;-0.0110946937723843
215;752;-15.73
216;216;1.0
216;514;-7.09651371828812
217;217;1.0
217;512;-0.0217927815515292
217;513;-3.53154920467617
217;514;-0.00413344598730038
217;516;-15.9187731354229
218;218;1.0
218;512;-0.00290175254453052
218;514;-0.0011229332118067
218;516;-0.00237737514445909
219;219;1.0
219;512;-0.00164387905043985
219;513;-0.00250699919896688
219;514;-0.00174956535632019
219;516;-0.00109245709612085
220;220;1.0
220;512;-0.00571206502210416
220;514;-1.86908896837008
220;516;-0.00126028339690803
221;221;1.0
222;222;1.0
223;223;1.0
224;224;1.0
225;225;1.0
226;226;1.0
227;45;-0.3
227;227;1.0
228;228;1.0
228;511;-0.003
229;229;1.0
230;230;1.0
231;231;1.0
232;232;1.0
232;244;-0.0103752
233;233;1.0
233;245;-1.15e-07
233;246;-1.15e-07
233;247;-1.15e-07
233;248;-1.15e-07
233;249;-1.15e-07
233;250;-1.15e-07
233;251;-1.15e-07
233;252;-1.15e-07
233;253;-1.15e-07
233;254;-1.15e-07
233;255;-1.15e-07
233;256;-1.15e-07
233;257;-1.15e-07
233;258;-1.15e-07
234;66;-4.399393000000001e-09
234;234;1.0
234;299;-4.399393000000001e-09
234;488;-5.213004484304932e-06
234;489;-5.308219178082192e-06
235;98;-0.07
235;235;1.0
235;254;-1.02
235;288;-0.5077966101694915
235;429;-0.125
235;535;-0.0426
235;536;-0.022559999999999997
235;817;-0.13897550111358575
236;236;1.0
237;237;1.0
237;255;-1.02
238;238;1.0
239;239;1.0
239;256;-1.02
240;240;1.0
241;241;1.0
241;257;-1.02
242;242;1.0
243;243;1.0
243;258;-1.02
244;244;1.0
244;253;-1.02
245;245;1.0
246;246;1.0
247;247;1.0
248;248;1.0
249;249;1.0
250;250;1.0
251;251;1.0
252;252;1.0
253;253;1.0
254;254;1.0
255;255;1.0
256;256;1.0
257;257;1.0
258;258;1.0
259;259;1.0
259;512;-0.0110994524930319
259;514;-0.00154437743655919
259;516;-0.00117812433280683
260;260;1.0
260;512;-0.367488613088296
260;513;-0.0264742623426067
260;514;-0.0481944969103818
260;516;-0.0198673545538969
261;261;1.0
261;512;-0.306744984291469
261;513;-0.0320925813317704
261;514;-0.0680328030345779
261;516;-0.0259878960887963
262;45;-0.48
262;262;1.0
263;45;-0.003
263;263;1.0
264;264;1.0
264;306;-0.4
265;265;1.0
265;512;-0.00195612901423388
265;514;-0.00277743618252939
265;516;-0.00153491628692993
266;266;1.0
266;273;-0.019
267;267;1.0
267;514;-0.00120326516269508
268;268;1.0
268;511;-0.18
269;30;-0.8080460758187912
269;269;1.0
270;270;1.0
271;271;1.0
272;272;1.0
273;109;-0.87
273;273;1.0
274;273;-0.1
274;274;1.0
275;45;-0.13
275;275;1.0
276;47;-0.35
276;276;1.0
277;277;1.0
277;411;-0.08450832732082732
278;278;1.0
278;514;-0.00561531807377424
279;279;1.0
279;511;-0.12
280;165;-31.116800000000005
280;280;1.0
281;281;1.0
281;511;-0.003
282;129;-0.038
282;282;1.0
283;283;1.0
283;411;-1.0
284;284;1.0
284;389;-7.147534151630925e-12
284;390;-7.92848670226202e-12
284;391;-7.008474518851273e-12
284;393;-7.669380695180736e-12
285;285;1.0
286;286;1.0
287;287;1.0
288;288;1.0
288;299;-1.02
289;289;1.0
289;515;-0.0001460356150528021
290;290;1.0
290;515;-0.0005067818123264804
291;291;1.0
291;511;-0.06
292;292;1.0
292;389;-4.7650982138220293e-07
292;390;-5.285741490950388e-07
292;391;-4.6723903241196954e-07
292;393;-5.113001417892905e-07
292;515;-0.002749279911637121
293;293;1.0
294;294;1.0
294;514;-0.00299915118010498
294;515;-0.2159921594053612
295;295;1.0
295;515;-0.002866503294966477
296;66;-0.00030042000000000003
296;133;-7e-07
296;168;-0.00013131999999999998
296;296;1.0
296;299;-0.00030042000000000003
296;413;-1.23e-08
296;418;-1e-08
296;488;-0.00042869955156950664
296;489;-0.00043652968036529677
297;297;1.0
297;515;-0.0007857849594006147
298;298;1.0
299;299;1.0
300;300;1.0
301;301;1.0
302;302;1.0
303;303;1.0
304;304;1.0
304;306;-0.048
305;305;1.0
305;306;-0.028
306;46;-0.59
306;306;1.0
307;307;1.0
307;488;-8.968609865470851e-06
307;489;-9.132420091324201e-06
308;112;-0.4
308;308;1.0
309;110;-0.94
309;309;1.0
310;127;-0.000482
310;310;1.0
310;752;-0.0144
311;311;1.0
312;312;1.0
313;313;1.0
314;25;-0.57
314;314;1.0
315;25;-0.43
315;315;1.0
316;316;1.0
316;367;-0.95
317;317;1.0
317;368;-0.95
318;318;1.0
319;319;1.0
320;320;1.0
321;66;-1.2042e-06
321;177;-0.007428726581591095
321;178;-3.4406307977736557
321;299;-1.2042e-06
321;321;1.0
322;4;-2.499726818015787e-05
322;5;-2.499726818015787e-05
322;6;-2.499726818015787e-05
322;7;-2.499726818015787e-05
322;178;-0.009990723562152134
322;322;1.0
322;389;-4.264664444251872e-06
322;390;-4.730629419678298e-06
322;391;-4.181692798511533e-06
322;393;-4.576030623471149e-06
323;323;1.0
324;324;1.0
325;309;-1.37
325;325;1.0
325;512;-2.25563122946371e-05
325;516;-0.00112113676833538
326;326;1.0
326;512;-9.15427765394306
326;513;-0.659156389588604
326;514;-1.19921183562428
326;516;-0.494586990580956
327;327;1.0
327;512;-0.000608250168842781
327;516;-0.000469432075716452
328;328;1.0
328;512;-0.000640342885946522
328;516;-0.000494415776941585
329;329;1.0
329;851;-3330.0
330;330;1.0
330;514;-0.00450030354052496
331;331;1.0
331;512;-2.20591069683144
331;513;-0.00109923138846146
331;514;-0.00155582395722054
331;516;-1.69592765886261
331;546;-1.77145295139988
331;867;-2.06971284064905
332;332;1.0
332;512;-0.00828384435315468
332;513;-0.00281362942100529
332;514;-0.0138828142427247
332;516;-0.00179841080721048
332;544;-2.77113308624793
332;545;-1.97209948688712
332;547;-2.69494442151506
332;868;-3.11989795918367
332;869;-3.81799367634376
332;870;-2.32891385589489
332;871;-3.41958294001544
333;209;-1120000.0
333;333;1.0
333;514;-0.00145604107339675
334;334;1.0
334;514;-0.00196238011012133
335;335;1.0
335;512;-0.0398738380574056
335;516;-0.0306678091550663
335;544;-0.0611779176849499
335;545;-0.00750269225896363
335;546;-0.0315373551848569
335;547;-0.0594959111863507
335;867;-0.0368473060120659
335;868;-0.0688775510204082
335;869;-0.0145252467184057
335;870;-0.0514151055675896
335;871;-0.0130095254440916
336;336;1.0
336;512;-0.00243015790847698
336;516;-0.00217549792395151
337;133;-1.8535
337;337;1.0
338;338;1.0
338;512;-0.0252954512587566
338;514;-0.0157097043766782
338;516;-0.0201241134900112
339;306;-0.48
339;339;1.0
340;340;1.0
340;512;-0.00341453874489795
340;514;-0.00107306247513933
340;516;-0.000943475243847957
341;341;1.0
342;342;1.0
342;389;-2.3824359378088958e-09
342;390;-2.642745211311632e-09
342;391;-2.336084194731578e-09
342;393;-2.5563792772878314e-09
343;343;1.0
344;344;1.0
345;345;1.0
346;346;1.0
347;235;-2.969221894193898e-06
347;347;1.0
348;235;-2.969221894193898e-06
348;348;1.0
349;235;-0.0185
349;349;1.0
350;235;-8.189734418612424e-06
350;350;1.0
351;351;1.0
351;389;-4.765098213822029e-08
351;390;-5.285741490950388e-08
351;391;-4.6723903241196954e-08
351;393;-5.1130014178929046e-08
352;352;1.0
353;353;1.0
354;354;1.0
355;355;1.0
355;511;-0.0148
355;514;-0.00135157812041046
356;356;1.0
356;389;-2.859104195934065e-07
356;390;-3.171495108235658e-07
356;391;-2.803478581403125e-07
356;393;-3.067849423399191e-07
357;357;1.0
358;358;1.0
359;359;1.0
360;273;-0.032
360;360;1.0
361;361;1.0
361;514;-0.00171401939901084
362;362;1.0
362;511;-0.0012
363;129;-0.00096
363;363;1.0
364;60;-37.223436
364;364;1.0
365;61;-37.223436
365;365;1.0
366;366;1.0
366;410;-0.2631970260223048
367;105;-0.89
367;367;1.0
367;370;-0.94
368;368;1.0
368;371;-0.94
369;105;-0.11
369;111;-0.11
369;369;1.0
370;370;1.0
371;111;-0.89
371;371;1.0
372;372;1.0
372;514;-0.00394469475403785
373;373;1.0
373;511;-0.9
374;374;1.0
374;389;-4.765098213822029e-08
374;390;-5.285741490950388e-08
374;391;-4.6723903241196954e-08
374;393;-5.1130014178929046e-08
375;375;1.0
376;376;1.0
377;377;1.0
378;378;1.0
379;379;1.0
380;380;1.0
381;381;1.0
381;389;-4.765098213822029e-09
381;390;-5.285741490950388e-09
381;391;-4.672390324119695e-09
381;393;-5.113001417892904e-09
382;195;-6600.0
382;382;1.0
383;129;-0.87
383;383;1.0
384;384;1.0
384;514;-0.00359023198022541
385;385;1.0
385;512;-45.1462700500727
385;513;-2.99052117217708
385;514;-5.24902488764079
385;516;-2.19478675958184
386;386;1.0
386;512;-1.25914867784907
386;513;-0.0835326700161126
386;514;-0.159044205699579
386;516;-0.0614750997712508
387;134;-1.032
387;387;1.0
388;59;-37.9254
388;388;1.0
389;251;-122.4
389;389;1.0
390;252;-122.4
390;390;1.0
391;391;1.0
391;392;-120.0
392;250;-1.02
392;392;1.0
393;393;1.0
393;394;-120.0
394;249;-1.02
394;394;1.0
395;288;-8.06180790960452e-06
395;395;1.0
396;396;1.0
396;512;-0.00208537497153399
396;513;-0.00211304387603073
396;514;-0.00401712780773739
396;516;-0.00148667187644345
397;397;1.0
398;398;1.0
399;399;1.0
400;400;1.0
401;41;-0.8574855942376951
401;43;-0.022
401;44;-0.022
401;401;1.0
402;40;-0.051338366506520246
402;402;1.0
403;42;-0.07230769230769231
403;403;1.0
404;404;1.0
404;512;-0.00998966547630934
404;513;-0.00119437116204934
404;514;-0.275730214195585
404;516;-0.001458967130662
405;405;1.0
405;514;-0.00613545487197076
406;406;1.0
406;511;-0.03
407;407;1.0
407;512;-0.00147861408493295
407;516;-0.000687127661724979
408;408;1.0
408;514;-0.00607286630499613
409;409;1.0
409;511;-6.0
410;181;-1.6409943571755374
410;410;1.0
411;346;-1.125
411;411;1.0
412;47;-0.087
412;412;1.0
413;413;1.0
413;876;-1.01
414;414;1.0
414;511;-0.018
415;415;1.0
416;416;1.0
417;417;1.0
418;166;-35.1616
418;418;1.0
418;529;-1.8388
419;316;-1.6
419;317;-1.6
419;419;1.0
420;420;1.0
420;514;-0.00132292400172338
421;421;1.0
421;512;-0.00929022450508016
421;514;-0.0486397128289707
421;516;-0.000941710762381379
422;422;1.0
422;514;-0.00343168427560932
423;423;1.0
423;511;-0.12
424;389;-1.3103850334357402e-07
424;390;-1.453560079886822e-07
424;391;-1.2848906940336756e-07
424;393;-1.4060571751717557e-07
424;424;1.0
424;488;-0.0008244843049327353
424;489;-0.0008395433789954337
425;425;1.0
426;426;1.0
427;427;1.0
428;428;1.0
428;515;-0.0001154458628583063
429;139;-0.98
429;140;-2.26
429;429;1.0
430;430;1.0
430;511;-0.3
431;112;-0.22
431;431;1.0
432;112;-0.38
432;432;1.0
433;129;-0.02
433;433;1.0
434;411;-0.07284118419824046
434;434;1.0
435;389;-4.765098213822029e-08
435;390;-5.285741490950388e-08
435;391;-4.6723903241196954e-08
435;393;-5.1130014178929046e-08
435;435;1.0
436;436;1.0
437;437;1.0
438;438;1.0
439;439;1.0
439;512;-0.000633125880536691
439;516;-0.000488942602068148
440;440;1.0
440;512;-0.0169705581939628
440;516;-0.0130467681272361
440;546;-0.0136265611646145
440;867;-0.0159208680049927
441;441;1.0
441;544;-0.0197938077589137
441;545;-0.0328683247814519
441;547;-0.0192496030108219
441;868;-0.0259991496598639
441;869;-0.0477249209542971
441;870;-0.0232891385589489
441;871;-0.042744786750193
442;442;1.0
442;851;-2000.0
443;443;1.0
443;544;-0.000436985126321071
443;545;-0.000125044870982727
443;546;-0.000242595039883515
443;547;-0.000424970794188218
443;867;-0.000283440815477429
443;868;-0.000573979591836735
443;869;-0.000181565583980071
443;870;-0.000514151055675894
443;871;-0.000162619068051146
444;444;1.0
444;512;-0.000636956851758024
444;516;-0.000491868099645106
445;445;1.0
445;512;-0.0169685444277564
445;516;-0.0130455974552433
445;546;-0.0136265611646145
445;867;-0.0159208680049927
446;446;1.0
446;544;-0.0197938077589137
446;545;-0.0328683247814519
446;547;-0.0192496030108219
446;868;-0.0259991496598639
446;869;-0.0477249209542971
446;870;-0.0232891385589489
446;871;-0.042744786750193
447;447;1.0
447;851;-2000.0
448;448;1.0
448;544;-0.000436985126321071
448;545;-0.000125044870982727
448;546;-0.000242595039883515
448;547;-0.000424970794188218
448;867;-0.000283440815477429
448;868;-0.000573979591836735
448;869;-0.000181565583980071
448;870;-0.000514151055675894
448;871;-0.000162619068051146
449;48;-0.21
449;449;1.0
450;48;-0.00041
450;450;1.0
451;48;-0.79
451;451;1.0
452;452;1.0
452;514;-0.00110104980371555
453;453;1.0
454;454;1.0
455;177;-0.0002074395872929677
455;178;-0.00047402597402597407
455;182;-0.0006234188651969644
455;455;1.0
456;139;-0.0010754991304347825
456;140;-0.0010754991304347825
456;429;-0.0005628517823639775
456;456;1.0
456;512;-1.7696815784961
456;513;-0.16792951392205
456;514;-0.307008683680048
456;516;-0.114706878268446
457;4;-0.0031701087855211204
457;5;-0.0031700997968056904
457;6;-0.0031701087855211204
457;7;-0.0031700997968056904
457;389;-0.0031697992470360987
457;390;-0.003169787726114825
457;391;-0.003169483398301565
457;393;-0.003169846575676102
457;457;1.0
457;512;-0.0664765144770114
457;513;-0.0302728319937203
457;514;-0.140190631497949
457;516;-0.127348569325936
457;752;-0.25
458;458;1.0
458;513;-0.00354595307988148
458;514;-0.00249703578510852
459;459;1.0
459;512;-1.743917384236
459;513;-0.165919659339047
459;514;-0.301456783371483
459;516;-0.112905866438183
460;460;1.0
460;851;-187.0
461;461;1.0
461;511;-3.34
462;167;-29.2388
462;462;1.0
463;463;1.0
463;512;-0.00147914315885953
463;516;-0.00113594393857479
463;544;-0.0016629711751663
463;545;-0.00160347776510832
463;546;-0.00159801136363636
463;547;-0.00160347776510832
464;464;1.0
464;512;-0.000627953552093237
464;516;-0.000480746935527555
464;867;-0.00227272727272727
464;868;-0.00204081632653061
464;869;-0.00204081632653061
464;870;-0.00232558139534884
464;871;-0.00232558139534884
465;465;1.0
465;512;-0.0313423950043424
465;513;-0.00221903317708495
465;514;-0.00464118788063056
465;516;-0.00166496471282742
466;466;1.0
466;512;-0.0114641440668571
466;514;-0.0016612974261811
466;516;-0.000604191036802619
467;467;1.0
468;468;1.0
469;469;1.0
470;470;1.0
471;471;1.0
472;472;1.0
473;473;1.0
473;511;-0.0012
474;474;1.0
474;511;-20.0
475;475;1.0
475;488;-0.02816076567833478
475;489;-0.0353818209339287
476;476;1.0
476;491;-1.09529e-07
477;141;-0.005396530359355638
477;179;-2.348
477;180;-5.281948881789138
477;410;-0.004139405204460967
477;477;1.0
478;397;-0.000909
478;478;1.0
479;479;1.0
479;480;-55.303
480;58;-2.2084524
480;480;1.0
481;309;-0.04
481;481;1.0
482;57;-1.0
482;150;-0.03952941176470588
482;151;-1.0
482;158;-0.09057971014492752
482;227;-1.0
482;264;-1.0
482;282;-1.0
482;308;-1.0
482;369;-1.0
482;383;-1.0
482;431;-1.0
482;482;1.0
483;106;-1.0
483;107;-1.0
483;108;-1.0
483;483;1.0
484;476;-13000.0
484;484;1.0
485;31;-0.9
485;485;1.0
486;397;-0.00328
486;486;1.0
487;487;1.0
487;511;-270.0
488;66;-1.02
488;488;1.0
489;4;-0.028272026488489338
489;5;-0.028271763757474467
489;389;-0.027806439371933896
489;390;-0.028370194898215767
489;489;1.0
490;104;-0.0002254689754689755
490;206;-0.003006253006253007
490;490;1.0
491;491;1.0
491;492;-1.0
492;98;-1.57
492;288;-2.768361581920904
492;492;1.0
492;817;-1.6904231625835189
493;349;-0.27397
493;493;1.0
493;504;-600.0
494;494;1.0
494;511;-200.0
495;4;-4.457301940013404e-12
495;5;-4.4572893015137695e-12
495;6;-4.457301940013404e-12
495;7;-4.4572893015137695e-12
495;244;-6.997199999999999e-10
495;389;-4.456949461487159e-12
495;390;-4.456933262302334e-12
495;391;-4.4564226201365225e-12
495;393;-4.456933262302334e-12
495;495;1.0
496;496;1.0
496;816;-1.553318209070756e-11
497;309;-0.09
497;497;1.0
498;498;1.0
498;500;-1.0
499;499;1.0
499;503;-1.0
500;491;-1.09529e-07
500;500;1.0
501;491;-1.09529e-07
501;501;1.0
502;502;1.0
502;546;-7.83025568181818e-06
502;867;-2.09318181818182e-05
503;235;-1.693057110862262e-07
503;503;1.0
504;503;-1.0
504;504;1.0
505;505;1.0
506;506;1.0
507;397;-0.225
507;453;-42840.0
507;507;1.0
508;508;1.0
508;511;-6300.0
509;509;1.0
510;510;1.0
510;851;-270000.0
511;74;-1.69e-08
511;511;1.0
512;512;1.0
513;513;1.0
514;514;1.0
515;515;1.0
516;516;1.0
517;517;1.0
518;518;1.0
519;519;1.0
520;520;1.0
521;521;1.0
522;522;1.0
523;523;1.0
524;524;1.0
525;500;-50.0
525;525;1.0
526;24;-0.1
526;526;1.0
527;202;-0.249327731092437
527;203;-0.31989247311827956
527;204;-0.075
527;527;1.0
528;201;-0.2555
528;528;1.0
529;529;1.0
530;530;1.0
530;550;-9000.0
531;504;-7.0
531;531;1.0
532;532;1.0
532;544;-3.30560034939193e-05
532;545;-7.62709624873786e-05
532;546;-3.11612215909091e-05
532;547;-5.27731419094019e-05
532;867;-2.43181818181818e-05
532;868;-5.3602293810086e-05
532;869;-9.83474254816581e-05
532;870;-5.24212185277724e-05
532;871;-0.000109943887432243
533;503;-1.0
533;533;1.0
534;534;1.0
534;859;-0.17
535;535;1.0
535;537;-1.00057
536;536;1.0
536;538;-1.00057
537;537;1.0
538;538;1.0
539;539;1.0
540;479;-2.244e-10
540;540;1.0
541;67;-0.1428571428571428
541;541;1.0
542;542;1.0
542;851;-4400000.0
543;453;-1800000.0
543;543;1.0
544;544;1.0
544;791;-0.501560767931407
544;792;-0.137466326529417
545;545;1.0
545;792;-0.398867046764798
545;793;-0.549462006361713
546;546;1.0
546;790;-0.7708840757066309
547;547;1.0
547;791;-0.0982595159253158
547;792;-0.0269306843047564
548;544;-2.59423503325943e-05
548;545;-0.000156980473204105
548;546;-2.49289772727273e-05
548;547;-4.21714652223489e-05
548;548;1.0
548;867;-1.82727272727273e-05
548;868;-3.97959183673469e-05
548;869;-0.000199795918367347
548;870;-3.86046511627907e-05
548;871;-0.000227674418604651
549;549;1.0
550;491;-1.09529e-07
550;550;1.0
550;816;-5.753670340606917e-11
551;551;1.0
552;552;1.0
552;856;-0.000238
553;504;-3600.0
553;553;1.0
554;309;-2.96
554;554;1.0
555;127;-34.4
555;555;1.0
556;492;-5.4
556;556;1.0
557;233;-250.0
557;557;1.0
558;491;-1.09529e-07
558;558;1.0
559;309;-0.46
559;559;1.0
560;62;-2.6e-10
560;63;-2.6e-10
560;64;-2.6e-10
560;65;-2.6e-10
560;169;-2.6e-10
560;170;-2.6e-10
560;171;-2.6e-10
560;172;-2.6e-10
560;173;-2.6e-10
560;505;-2.6e-10
560;506;-2.6e-10
560;537;-2.6e-10
560;538;-2.6e-10
560;560;1.0
561;67;-0.4285714285714285
561;561;1.0
562;397;-0.000555
562;562;1.0
563;511;-0.2
563;563;1.0
564;244;-0.16752
564;564;1.0
565;244;-3.9744e-09
565;565;1.0
566;309;-0.27
566;566;1.0
567;127;-0.0172
567;397;-0.000773
567;567;1.0
568;568;1.0
569;569;1.0
570;570;1.0
571;571;1.0
572;109;-0.28
572;110;-0.5980556828014455
572;315;-0.94
572;370;-0.41
572;371;-0.41
572;572;1.0
573;178;-0.989795918367347
573;573;1.0
574;366;-0.01
574;574;1.0
575;315;-0.02
575;575;1.0
576;366;-1.1200564971751414
576;576;1.0
577;57;-0.17
577;151;-0.091
577;152;-0.031
577;262;-0.0002
577;305;-1.0
577;433;-0.6
577;577;1.0
578;488;-0.0011043437520915599
578;489;-0.001345476256548685
578;578;1.0
579;492;-9.892033725970944e-10
579;579;1.0
579;816;-1.3045108429904572e-09
580;202;-0.05957983193277311
580;203;-0.4593655913978495
580;210;-3.0
580;233;-499.0
580;557;-0.6
580;580;1.0
581;581;1.0
581;857;-0.81
582;151;-1.4e-10
582;264;-1e-10
582;282;-1.5e-10
582;308;-7.7e-11
582;339;-1.1e-10
582;369;-1.5e-10
582;383;-1.5e-10
582;431;-1.5e-10
582;582;1.0
583;4;-4.439399999999999e-06
583;5;-4.439399999999999e-06
583;6;-4.439399999999999e-06
583;7;-4.439399999999999e-06
583;382;-0.11
583;389;-4.439399999999999e-06
583;390;-4.439399999999999e-06
583;391;-4.439399999999999e-06
583;393;-4.439399999999999e-06
583;583;1.0
583;817;-3.964365256124721e-06
584;339;-0.7
584;584;1.0
585;585;1.0
585;816;-7.292474786656322e-06
586;348;-23.19371210332438
586;350;-15.0
586;533;-60.0
586;586;1.0
586;883;-220.0
587;165;-0.00435006
587;167;-0.0031463199999999998
587;168;-0.00620688
587;587;1.0
588;185;-0.020019900497512438
588;588;1.0
589;168;-0.0023852
589;589;1.0
590;29;-0.9
590;30;-0.017192469698272154
590;315;-0.96
590;590;1.0
591;264;-0.03
591;339;-0.03
591;591;1.0
592;128;0.11
592;592;1.0
593;593;1.0
594;262;-0.0057
594;594;1.0
595;595;1.0
595;752;-0.752
596;450;-1.0
596;596;1.0
597;227;-0.45
597;597;1.0
598;168;-0.0006834
598;598;1.0
599;29;-0.05
599;30;-0.017192469698272154
599;31;-0.05
599;109;-0.05
599;110;-0.02
599;350;-0.008333333333333333
599;370;-0.02
599;371;-0.02
599;599;1.0
600;128;0.11
600;600;1.0
601;29;-0.035
601;30;-0.01167177665071587
601;31;-0.035
601;315;-0.02
601;601;1.0
602;233;-2940.0
602;348;-24.73995957687934
602;479;-7.95e-14
602;602;1.0
602;816;-4.134988363072149e-07
603;262;-0.0057
603;603;1.0
604;604;1.0
605;605;1.0
605;856;-3.43396556480316e-10
606;146;-4e-10
606;273;-4e-10
606;315;-4e-10
606;316;-4e-10
606;317;-4e-10
606;367;-4.6e-10
606;368;-4.6e-10
606;370;-4e-10
606;371;-4e-10
606;488;-5.979073243647235e-10
606;489;-6.0882800608828e-10
606;606;1.0
607;511;-9.05
607;607;1.0
608;511;-42.2
608;608;1.0
609;4;-3e-07
609;5;-3e-07
609;6;-3e-07
609;7;-3e-07
609;389;-3e-07
609;390;-3e-07
609;391;-3e-07
609;393;-3e-07
609;609;1.0
610;128;-0.3802
610;610;1.0
611;337;-0.0142
611;611;1.0
612;93;-0.0585
612;141;-0.002579925650557621
612;178;-0.0927643784786642
612;182;-0.000526924466931695
612;184;-0.00078
612;185;-0.0029154228855721395
612;186;-0.23154848046309698
612;187;-0.00015626809173903365
612;189;-0.001949317738791423
612;190;-0.07626847782660806
612;191;-0.007211692167161453
612;192;-0.03597122302158274
612;193;-0.004888278388278388
612;194;-0.15260697590794678
612;201;-0.00146
612;410;-0.001607806691449814
612;612;1.0
613;479;-9.7173e-10
613;613;1.0
614;453;-130.0
614;614;1.0
615;615;1.0
615;816;-1.1873039430633782e-06
616;233;-87.5
616;453;-10.0
616;616;1.0
617;209;-345000.0
617;617;1.0
618;618;1.0
619;4;-3.02e-06
619;5;-3.02e-06
619;6;-3.02e-06
619;7;-3.02e-06
619;382;-0.57
619;389;-3.02e-06
619;390;-3.02e-06
619;391;-3.02e-06
619;393;-3.02e-06
619;619;1.0
619;817;-2.11358574610245e-05
620;26;-1.0
620;27;-1.0
620;28;-1.0
620;57;-0.086
620;152;-0.15
620;227;-0.041
620;233;-1180.0
620;314;-1.0
620;432;-1.0
620;533;-45.0
620;620;1.0
620;883;-440.0
621;397;-0.0177
621;621;1.0
622;622;1.0
622;752;-0.01
623;544;-0.0230416430640749
623;545;-0.0126326061858609
623;546;-0.00339001685553305
623;547;-0.0243791831750914
623;623;1.0
623;851;-3310000.0
623;867;-0.00396079467443311
623;868;-0.0286855867346939
623;869;-0.0321562040816327
623;870;-0.0204268952836162
623;871;-0.0249319616493607
624;4;-2.3642079843686714e-06
624;6;-2.3642079843686714e-06
624;389;-1.7424124486756497e-06
624;391;-1.7456639888883143e-06
624;624;1.0
625;141;-0.031548946716232956
625;625;1.0
626;500;-2.0
626;626;1.0
627;164;-0.13935999999999998
627;627;1.0
628;262;-0.021
628;628;1.0
629;629;1.0
630;227;-2e-08
630;262;-2e-08
630;275;-2e-08
630;630;1.0
631;275;-0.97
631;631;1.0
632;233;-64.0
632;632;1.0
633;189;-0.00989278752436647
633;557;-3.06
633;633;1.0
634;58;-0.066731592
634;634;1.0
635;146;-0.88
635;147;-0.894
635;148;-0.894
635;149;-0.894
635;635;1.0
636;104;-1.878908128908129e-05
636;129;-0.048
636;141;-2.4225526641883498e-06
636;158;-0.1690821256038647
636;179;-0.007503
636;180;-0.0006248402555910543
636;181;-0.00012427939606527398
636;185;-0.000178407960199005
636;186;-2.7941389290882783e-05
636;188;-2.2218626393383675e-05
636;410;-1.6784386617100398e-07
636;636;1.0
637;350;-3.217910447761195
637;402;-1.0
637;403;-1.0
637;637;1.0
638;453;-3250.0
638;638;1.0
639;639;1.0
639;816;-0.0007424359968968193
640;62;0.000168
640;63;0.000168
640;64;0.000168
640;65;0.000168
640;169;0.000168
640;170;0.000168
640;171;0.000168
640;172;0.000168
640;173;0.000168
640;505;0.000168
640;506;0.000168
640;537;0.000168
640;538;0.000168
640;640;1.0
641;74;-2.54e-11
641;492;-2.536783358701167e-11
641;641;1.0
641;896;-8.041603247082699e-11
642;202;-0.047058823529411764
642;203;-0.060139784946236556
642;204;-0.05
642;433;-0.1
642;642;1.0
643;643;1.0
644;350;-5.0
644;644;1.0
645;546;-0.0788376012914659
645;645;1.0
645;867;-0.0921115040565842
646;544;-0.19576933659184
646;545;-0.0131280617847037
646;547;-0.190386915796322
646;646;1.0
646;868;-0.220408163265306
646;869;-0.0190619909935805
646;870;-0.164528337816286
646;871;-0.0170728567750794
647;453;-100.0
647;647;1.0
648;244;-6.7272
648;648;1.0
649;66;-0.041393706
649;649;1.0
650;299;-0.041393706
650;650;1.0
651;62;-0.000584
651;63;-0.000584
651;64;-0.000584
651;65;-0.000584
651;169;-0.000584
651;170;-0.000584
651;171;-0.000584
651;172;-0.000584
651;173;-0.000584
651;505;-0.000584
651;506;-0.000584
651;537;-0.000584
651;538;-0.000584
651;651;1.0
652;128;0.76
652;652;1.0
653;40;-14.4
653;41;-10.8
653;42;-10.8
653;43;-14.4
653;44;-14.4
653;653;1.0
654;349;-1.6438
654;654;1.0
655;58;-2.67282
655;60;-12.28716
655;61;-1.2276000000000002
655;134;-0.02826
655;165;-6.24624
655;166;-1.99392
655;167;-5.87992
655;364;-0.00403
655;365;-0.004
655;366;-49.71610169491525
655;388;-0.004
655;529;-0.2806
655;655;1.0
656;273;-15.0
656;656;1.0
657;367;-0.55
657;368;-0.55
657;657;1.0
658;58;-0.001410159
658;134;-3.3e-05
658;658;1.0
659;60;-0.0037200000000000006
659;61;-0.0036084000000000003
659;659;1.0
660;128;0.0079
660;660;1.0
661;57;-0.17
661;151;-0.091
661;152;-0.031
661;213;-1.006
661;227;-0.14
661;262;-0.0088
661;264;-0.35
661;275;-0.029
661;304;-0.042
661;305;-1.0
661;308;-0.47
661;339;-0.3
661;363;-1.0
661;401;-1.0
661;412;-0.51
661;433;-1.0
661;449;-1.0
661;450;-1.0
661;661;1.0
662;262;-1.7e-05
662;662;1.0
663;663;1.0
664;664;1.0
665;665;1.0
665;856;-0.018660000000000003
666;273;-1.0
666;666;1.0
667;397;-0.0062
667;667;1.0
668;4;-2.1219e-11
668;5;-2.1219e-11
668;6;-2.1219e-11
668;7;-2.1219e-11
668;236;-2.54628e-09
668;237;-2.54628e-09
668;238;-2.54628e-09
668;239;-2.54628e-09
668;240;-2.54628e-09
668;241;-2.54628e-09
668;242;-2.54628e-09
668;243;-2.54628e-09
668;389;-2.1219e-11
668;390;-2.1219e-11
668;391;-2.1219e-11
668;393;-2.1219e-11
668;668;1.0
669;269;-0.338
669;669;1.0
670;146;-0.12
670;147;-0.106
670;148;-0.106
670;149;-0.106
670;670;1.0
671;273;-0.46
671;367;-0.25
671;368;-0.25
671;671;1.0
672;511;-60.0
672;672;1.0
673;453;-20.0
673;673;1.0
674;4;-2.33e-07
674;5;-2.33e-07
674;6;-2.33e-07
674;7;-2.33e-07
674;389;-2.33e-07
674;390;-2.33e-07
674;391;-2.33e-07
674;393;-2.33e-07
674;674;1.0
675;168;-0.00051188
675;675;1.0
676;280;-0.0005
676;676;1.0
677;316;-0.55
677;317;-0.34
677;677;1.0
678;678;1.0
679;679;1.0
680;57;-3.8e-10
680;123;-4.6e-10
680;152;-4.4e-10
680;214;-4.6e-10
680;263;-4.6e-10
680;276;-4.6e-10
680;304;-4.4e-10
680;314;-4.6e-10
680;412;-2.2e-10
680;432;-4.6e-10
680;451;-4.6e-10
680;680;1.0
681;57;-0.25
681;151;-0.91
681;227;-0.12
681;233;-499.0
681;282;-1.0
681;681;1.0
682;233;-5210.0
682;682;1.0
683;57;-0.57
683;152;-0.97
683;227;-0.27
683;233;-1180.0
683;683;1.0
684;227;-0.016
684;684;1.0
685;123;-1.0
685;214;-1.0
685;227;-0.0014
685;233;-26600.0
685;262;-0.85
685;263;-1.0
685;276;-1.0
685;304;-0.96
685;412;-0.49
685;451;-1.0
685;685;1.0
686;58;-0.05970600000000001
686;59;-0.11309544
686;60;-0.09552216000000001
686;61;-0.09528408000000001
686;686;1.0
687;366;-0.05
687;410;-0.010529739776951673
687;687;1.0
688;4;-1.39e-07
688;5;-1.39e-07
688;6;-1.39e-07
688;7;-1.39e-07
688;389;-1.39e-07
688;390;-1.39e-07
688;391;-1.39e-07
688;393;-1.39e-07
688;688;1.0
689;488;-6.62606251254936e-05
689;489;-8.325134337394989e-05
689;689;1.0
690;62;6.27e-06
690;63;6.27e-06
690;64;6.27e-06
690;65;6.27e-06
690;169;6.27e-06
690;170;6.27e-06
690;171;6.27e-06
690;172;6.27e-06
690;173;6.27e-06
690;505;6.27e-06
690;506;6.27e-06
690;537;6.27e-06
690;538;6.27e-06
690;690;1.0
691;350;-5.008333333333334
691;397;-0.00341
691;691;1.0
692;66;-8.48e-08
692;299;-8.48e-08
692;692;1.0
693;693;1.0
694;59;-0.07748016
694;178;-0.19081632653061226
694;190;-0.08789452656811826
694;213;-0.1
694;280;-0.00018896
694;387;-0.00013163
694;462;-1.23e-05
694;694;1.0
695;316;-0.57
695;317;-1.026
695;695;1.0
696;4;-1.6910012049805864e-06
696;5;-1.6910012049805864e-06
696;6;-1.6910012049805864e-06
696;7;-1.6910012049805864e-06
696;389;-1.6910012049805864e-06
696;390;-1.691001204980586e-06
696;391;-1.6910012049805864e-06
696;393;-1.6910012049805864e-06
696;696;1.0
696;857;-0.19
697;397;-0.00182
697;697;1.0
698;227;-0.044
698;262;-0.0019
698;275;-0.029
698;304;-0.042
698;308;-0.08
698;412;-0.13
698;698;1.0
699;264;-0.35
699;339;-0.3
699;699;1.0
700;308;-0.025
700;700;1.0
701;280;-0.0001
701;337;-5e-05
701;387;-9e-05
701;418;-5e-05
701;462;-0.0001
701;701;1.0
702;702;1.0
703;233;-372.0
703;703;1.0
704;59;-0.014508
704;273;-0.65
704;364;-3e-05
704;365;-3.2e-05
704;388;-3.2e-05
704;704;1.0
705;57;-1.3e-10
705;151;-6.7e-11
705;152;-2.3e-11
705;264;-2.6e-10
705;304;-3.1e-11
705;305;-7.4e-10
705;308;-3.5e-10
705;339;-2.2e-10
705;363;-7.4e-10
705;401;-7.4e-10
705;412;-3.8e-10
705;433;-7.4e-10
705;449;-7.4e-10
705;450;-7.4e-10
705;705;1.0
706;104;-0.0001503126503126503
706;350;-0.075
706;706;1.0
707;227;-0.057
707;262;-0.0068
707;308;-0.078
707;707;1.0
708;158;-0.05314009661835748
708;348;-46.38742420664875
708;708;1.0
709;402;-0.5
709;403;-0.5
709;709;1.0
710;158;-0.252415458937198
710;227;-0.032
710;710;1.0
711;308;-0.32
711;348;-77.31237367774793
711;401;-1.0
711;402;-0.5
711;403;-0.5
711;412;-0.38
711;449;-1.0
711;711;1.0
712;202;-0.0392436974789916
712;203;-0.049903225806451616
712;712;1.0
713;363;-0.75
713;713;1.0
714;30;-0.08978289731319902
714;109;-0.08
714;110;-0.04
714;370;-0.04
714;371;-0.04
714;714;1.0
715;4;-2.603e-06
715;5;-2.603e-06
715;6;-2.603e-06
715;7;-2.603e-06
715;389;-2.603e-06
715;390;-2.603e-06
715;391;-2.603e-06
715;393;-2.603e-06
715;715;1.0
716;59;-0.013392000000000001
716;716;1.0
716;856;-0.008100000000000001
717;187;-0.025005566688933424
717;717;1.0
718;59;-0.026784000000000002
718;718;1.0
719;719;1.0
720;39;-1.9e-08
720;43;-1.9e-08
720;44;-1.9e-08
720;306;-1.9e-08
720;720;1.0
721;45;-0.089
721;262;-0.11
721;721;1.0
722;4;-4e-07
722;5;-4e-07
722;6;-4e-07
722;7;-4e-07
722;165;-0.0018914896000000003
722;168;-0.02830348
722;389;-4e-07
722;390;-4e-07
722;391;-4e-07
722;393;-4e-07
722;722;1.0
723;62;7.5e-05
723;63;7.5e-05
723;64;7.5e-05
723;65;7.5e-05
723;169;7.5e-05
723;170;7.5e-05
723;171;7.5e-05
723;172;7.5e-05
723;173;7.5e-05
723;505;7.5e-05
723;506;7.5e-05
723;537;7.5e-05
723;538;7.5e-05
723;723;1.0
724;387;-0.00036
724;724;1.0
725;725;1.0
726;158;-0.3381642512077294
726;209;-7200000.0
726;453;-9000.0
726;726;1.0
727;727;1.0
728;728;1.0
729;729;1.0
730;106;-1.0
730;107;-1.0
730;108;-1.0
730;203;-0.3838709677419355
730;264;-0.65
730;308;-0.5
730;339;-0.7
730;369;-1.0
730;383;-1.0
730;431;-1.0
730;557;-0.6
730;730;1.0
731;69;-220.0
731;557;-0.9
731;731;1.0
732;26;-1.0
732;27;-1.0
732;28;-1.0
732;314;-1.0
732;432;-1.0
732;732;1.0
733;557;-0.9
733;733;1.0
734;4;-9.659999999999999e-08
734;5;-9.659999999999999e-08
734;6;-9.659999999999999e-08
734;7;-9.659999999999999e-08
734;389;-9.659999999999999e-08
734;390;-9.659999999999999e-08
734;391;-9.659999999999999e-08
734;393;-9.659999999999999e-08
734;453;-57500.0
734;734;1.0
735;433;-0.3
735;735;1.0
736;188;-0.0050017979144192735
736;736;1.0
737;737;1.0
737;752;-0.0273
738;316;-0.88
738;317;-0.88
738;738;1.0
739;168;-0.0051992
739;739;1.0
740;58;-0.005022
740;164;-0.0002412
740;165;-0.007187752000000001
740;167;-0.0078658
740;168;-0.071221
740;309;-1.25
740;364;-9e-05
740;365;-8.8e-05
740;388;-8.8e-05
740;740;1.0
741;60;-0.013764
741;61;-0.004259400000000001
741;741;1.0
742;742;1.0
742;752;-0.00504
743;280;-0.0013
743;387;-0.00405
743;418;-0.00108
743;462;-0.0026
743;743;1.0
744;141;-1.5947955390334572
744;180;-1.483226837060703
744;182;-0.7441272135887244
744;183;-0.08866995073891626
744;184;-0.03062
744;186;-0.33046309696092624
744;191;-0.6645352820278604
744;410;-0.3005576208178439
744;744;1.0
745;202;-0.08941176470588236
745;203;-0.11388172043010752
745;204;-0.875
745;209;-7200000.0
745;233;-5210.0
745;348;-34.01744441820909
745;395;-300.0
745;557;-0.9
745;745;1.0
746;69;-220.0
746;195;-4760.0
746;350;-8.333333333333334
746;746;1.0
747;123;-1.0
747;195;-4760.0
747;214;-1.0
747;227;-0.0014
747;233;-26600.0
747;262;-0.85
747;263;-1.0
747;276;-1.0
747;304;-0.96
747;348;-114.4223130430669
747;412;-0.49
747;451;-1.0
747;511;-210.0
747;557;-0.9
747;747;1.0
747;851;-270000.0
748;210;4.0
748;748;1.0
749;479;-3.3127e-12
749;749;1.0
750;750;1.0
750;851;-5120.0
751;751;1.0
751;752;-0.251
752;29;-0.015
752;30;-0.05611431082074939
752;752;1.0
753;418;-1e-05
753;753;1.0
754;168;-0.00070484
754;754;1.0
755;755;1.0
756;58;-0.007552716000000001
756;165;-0.0022696960000000003
756;167;-0.0062926399999999995
756;756;1.0
757;31;-0.015
757;47;-0.1
757;158;-0.04830917874396135
757;227;-0.0036
757;350;-0.4833333333333334
757;363;-0.25
757;757;1.0
758;550;-3.54
758;758;1.0
759;62;-0.000689
759;63;-0.000689
759;64;-0.000689
759;65;-0.000689
759;169;-0.000689
759;170;-0.000689
759;171;-0.000689
759;172;-0.000689
759;173;-0.000689
759;185;-0.17542288557213934
759;193;-0.4495421245421245
759;309;-55.0
759;505;-0.000689
759;506;-0.000689
759;537;-0.000689
759;538;-0.000689
759;759;1.0
759;817;-68.8195991091314
760;397;-2.95
760;760;1.0
761;277;-1.0
761;761;1.0
762;227;-0.016
762;762;1.0
763;269;-0.87
763;763;1.0
764;283;-0.001905
764;350;-13.33333333333333
764;764;1.0
765;24;-0.9
765;765;1.0
766;45;-0.2
766;48;-0.2
766;59;-0.37944000000000006
766;60;-0.37944000000000006
766;61;-0.37944000000000006
766;62;-0.0336
766;63;-0.0336
766;64;-0.0336
766;65;-0.0336
766;129;-0.22
766;134;-0.0199
766;164;-0.23315999999999998
766;165;-0.08008
766;166;-0.27336000000000005
766;167;-0.38056
766;168;-0.38056
766;169;-0.0336
766;170;-0.0336
766;171;-0.0336
766;172;-0.0336
766;173;-0.0336
766;244;-1.1397599999999999
766;306;-0.2
766;383;-0.2
766;505;-0.0336
766;506;-0.0336
766;511;-487.0
766;537;-0.0336
766;538;-0.0336
766;766;1.0
766;851;-55100.0
767;59;-0.15252000000000002
767;60;-0.15252000000000002
767;61;-0.15252000000000002
767;134;-0.02417
767;164;-0.09380000000000001
767;165;-0.16302000000000003
767;166;-0.15276
767;167;-0.15276
767;168;-0.15276
767;767;1.0
767;928;-0.1504
768;59;-1.11972
768;164;-8.819075999999999
768;165;-1.19262
768;166;-1.11756
768;168;-1.11756
768;388;-0.1892
768;768;1.0
769;39;-4.9
769;46;-4.8
769;59;-1.11972
769;60;-1.11972
769;61;-1.11972
769;134;-0.321775
769;164;-8.819075999999999
769;165;-1.19262
769;166;-1.11756
769;167;-1.11756
769;168;-1.11756
769;364;-0.4402
769;388;-0.1892
769;769;1.0
770;546;-7.28693181818179e-07
770;770;1.0
770;867;-2.93181818181818e-06
771;61;-0.007440000000000001
771;771;1.0
772;772;1.0
773;165;-0.007565844
773;479;-0.0003893
773;773;1.0
774;774;1.0
775;775;1.0
776;388;-0.02769189189189189
776;776;1.0
777;233;210000.0
777;777;1.0
778;350;-3.217910447761195
778;778;1.0
779;350;-0.4833333333333334
779;779;1.0
780;58;-0.06696
780;780;1.0
781;479;-0.97946
781;781;1.0
782;479;-0.97946
782;782;1.0
783;40;-4.468085106382978
783;41;-5.007692307692308
783;42;-5.007692307692308
783;43;-380.0
783;44;-380.0
783;127;-6.54e-06
783;783;1.0
784;236;-15.90552
784;238;-15.92628
784;240;-15.77786
784;242;-15.777
784;488;-0.06626062512549359
784;489;-0.08325134337394989
784;784;1.0
785;4;-0.06282106566803534
785;5;-0.06282119837903925
785;6;-0.06282530944162892
785;7;-0.06282513130300131
785;185;-8.815920398009952e-05
785;187;-0.1460031173458027
785;189;-0.0002441520467836257
785;191;-0.00039963461977620464
785;192;-0.10241007194244606
785;235;-12.31802911534155
785;237;-15.90552
785;239;-15.92628
785;241;-15.77786
785;243;-15.77765
785;366;-0.764830508474576
785;389;-0.06282034128538083
785;390;-0.06282011295918416
785;391;-0.06281291549926048
785;393;-0.06282011295918416
785;785;1.0
785;856;-0.996
786;273;-46.0
786;752;-1.8
786;786;1.0
787;104;-0.0001878908128908129
787;787;1.0
788;69;-12.5
788;788;1.0
789;462;-0.0004
789;789;1.0
790;236;-11.6966
790;238;-11.6966
790;240;-10.2846
790;242;-10.2846
790;790;1.0
791;791;1.0
792;237;-11.6966
792;239;-11.6966
792;241;-10.2846
792;243;-10.2846
792;792;1.0
793;793;1.0
794;4;-7.35751288389381e-06
794;5;-7.35751288389381e-06
794;6;-7.35751288389381e-06
794;7;-7.35751288389381e-06
794;195;-26700.0
794;389;-7.35751288389381e-06
794;390;-7.35751288389381e-06
794;391;-7.35751288389381e-06
794;393;-7.35751288389381e-06
794;794;1.0
795;4;-3.095e-06
795;5;-3.095e-06
795;6;-3.095e-06
795;7;-3.095e-06
795;382;-0.31
795;389;-3.095e-06
795;390;-3.095e-06
795;391;-3.095e-06
795;393;-3.095e-06
795;795;1.0
795;817;-7.928730512249442e-06
796;133;-8.93e-05
796;280;-0.0007239
796;337;-0.0001246
796;387;-0.0008964999999999999
796;413;-0.000234
796;418;-0.00024362
796;462;-0.0008910000000000001
796;796;1.0
797;797;1.0
798;4;0.0012852843910989183
798;5;0.0056041324981717594
798;6;0.0008459492464642289
798;7;0.005164605320643895
798;389;0.004903063732112151
798;390;0.01084676955722356
798;391;0.00467633856493721
798;392;-3.2
798;393;0.01027759469600731
798;394;-3.2
798;453;-500.0
798;798;1.0
799;62;-0.0067
799;63;-0.0067
799;64;-0.0067
799;65;-0.0067
799;93;-0.52
799;139;-0.08724206185567011
799;140;-0.08724206185567011
799;141;-0.11285006195786863
799;169;-0.0067
799;170;-0.0067
799;171;-0.0067
799;172;-0.0067
799;173;-0.0067
799;177;-0.022910670648927507
799;178;-0.026205936920222633
799;179;-8.059
799;180;-3.3274760383386583
799;181;-0.021686746987951804
799;182;-0.06364293458619444
799;183;-0.1477832512315271
799;184;-0.4534
799;185;-0.21064676616915426
799;186;-0.1270260492040521
799;187;-0.03582720997550657
799;188;-0.02581085940309241
799;189;-0.021695906432748536
799;190;-7.518977227327207
799;191;-0.41950216944507884
799;192;-0.04676258992805756
799;193;-0.04368131868131868
799;194;-0.11183027687882056
799;201;-2.32
799;202;-0.10815126050420168
799;203;-0.17658064516129032
799;213;-0.23
799;235;-58.0
799;236;-1.3688320452015703
799;237;-1.3688320452015703
799;238;-3.1408194342333
799;239;-3.1408194342333
799;240;-2.871255614620274
799;241;-2.871255614620274
799;242;-1.8926840673253715
799;243;-1.8926840673253715
799;245;-3.2
799;246;-3.2
799;247;-3.2
799;248;-3.2
799;251;-3.2
799;252;-3.2
799;253;-3.2
799;254;-3.2
799;255;-3.2
799;256;-3.2
799;257;-3.2
799;258;-3.2
799;349;-0.45662
799;366;-2.5
799;410;-0.049433085501858744
799;492;-0.578
799;505;-0.0067
799;506;-0.0067
799;535;-0.078384
799;536;-0.041510399999999996
799;537;-0.0067
799;538;-0.0067
799;557;-0.45
799;799;1.0
799;817;-0.3028953229398664
799;876;-0.005560000000000001
800;800;1.0
800;876;-0.005560000000000001
801;350;-53.23375
801;801;1.0
802;58;-0.01959882
802;59;-0.03516144
802;60;-0.03516144
802;61;-0.03516144
802;66;-0.2098889884
802;74;-0.00948
802;133;-1.875666e-05
802;134;-0.0017653
802;164;-0.031589696
802;165;-0.0046750704
802;166;-0.031589696
802;167;-0.031589696
802;168;-0.02533136
802;244;-2.7816
802;280;-0.00010842
802;299;-0.2098889884
802;364;-0.00049762
802;365;-0.0002502
802;387;-0.0008367800000000001
802;388;-0.0002502
802;418;-0.0006
802;462;-0.0001080169
802;479;-0.0069788
802;480;-0.74892
802;488;-0.17937219730941703
802;489;-0.182648401826484
802;529;-0.00117872
802;752;-0.55
802;802;1.0
802;856;-0.0344
802;896;-0.03885
803;58;-0.01959882
803;59;-0.03516144
803;164;-0.031589696
803;165;-0.0046750704
803;166;-0.031589696
803;168;-0.02533136
803;280;-0.00010842
803;388;-0.0002502
803;418;-0.0006
803;479;-0.0069788
803;480;-0.74892
803;803;1.0
804;39;-0.0004
804;40;-4.0
804;41;-3.0
804;42;-3.0
804;43;-4.0
804;44;-4.0
804;127;-1.3
804;269;-2.88
804;309;-1.88
804;397;-3.47
804;504;-1000.0
804;804;1.0
805;752;-13.75
805;805;1.0
806;280;-0.0011
806;337;-0.00032
806;387;-0.00184
806;418;-0.00035
806;462;-0.0013
806;479;-0.0001751
806;806;1.0
807;280;-0.0003
807;337;-0.0001
807;387;-0.00041
807;418;-0.00015
807;462;-0.0003
807;479;-0.0001751
807;807;1.0
808;280;-0.0003
808;337;-0.00058
808;387;-0.00056
808;418;-0.00026
808;462;-0.0002
808;808;1.0
809;280;-0.00021921
809;387;-0.00015271
809;809;1.0
810;6;-0.03267116725616355
810;7;-0.03267107461838828
810;391;-0.03210538213467175
810;393;-0.03265979865774224
810;810;1.0
811;127;-3.33e-07
811;397;-3.33e-07
811;811;1.0
812;150;-0.03952941176470588
812;812;1.0
813;202;-0.08941176470588236
813;203;-0.11388172043010752
813;204;-0.875
813;213;-0.12000000000000001
813;813;1.0
814;158;-0.4770531400966183
814;434;-1.0
814;814;1.0
815;535;-4.26
815;536;-2.256
815;815;1.0
816;815;-12.456827894327896
816;816;1.0
816;817;-12.89
817;815;-1.0
817;817;1.0
818;309;-0.49
818;818;1.0
819;309;-1.97
819;819;1.0
820;820;1.0
821;821;1.0
822;822;1.0
823;823;1.0
824;824;1.0
825;825;1.0
826;826;1.0
827;827;1.0
828;828;1.0
829;829;1.0
830;830;1.0
831;831;1.0
832;832;1.0
833;833;1.0
834;834;1.0
835;835;1.0
836;836;1.0
837;837;1.0
838;838;1.0
839;839;1.0
840;840;1.0
841;841;1.0
842;842;1.0
843;843;1.0
844;844;1.0
845;845;1.0
846;846;1.0
847;500;-80000.0
847;847;1.0
848;67;-0.2857142857142857
848;848;1.0
849;66;-2.3377536e-08
849;849;1.0
850;299;-2.3377536e-08
850;850;1.0
851;851;1.0
851;896;-4.227972264501945e-09
851;897;-4.22e-06
852;202;-0.08621848739495798
852;213;-1.1106666666666667
852;852;1.0
853;397;-0.000518
853;853;1.0
854;476;-500.0
854;501;-854.0
854;854;1.0
855;544;-0.000756279638111576
855;545;-0.000199086479581064
855;546;-0.000616480734837933
855;547;-0.000601933748277381
855;855;1.0
855;867;-0.00142354899105471
855;868;-0.000945493197278914
855;869;-0.000216421193829645
855;870;-0.00110391326081265
855;871;-0.000130850081524071
856;488;-0.011457566427949933
856;489;-0.013959316161692605
856;856;1.0
857;288;-0.0001765536723163842
857;857;1.0
858;858;1.0
858;859;-125.0
859;491;-1.09529e-07
859;859;1.0
860;349;-0.59361
860;499;-1000.0
860;504;-1300.0
860;533;-180.0
860;550;-1180.0
860;860;1.0
860;883;-1320.0
861;500;-1.0
861;861;1.0
862;862;1.0
862;883;-220.0
863;349;-0.18493
863;499;-1500.0
863;504;-405.0
863;863;1.0
864;349;-0.091324
864;499;-1000.0
864;504;-400.0
864;864;1.0
864;883;-1320.0
865;544;-0.000138851441241685
865;545;-1.91015892246294e-06
865;546;-0.000119691051136364
865;547;-0.000105755772519954
865;865;1.0
865;867;-0.000173181818181818
865;868;-0.0001354
865;869;-2.43114285714286e-06
865;870;-0.000168879069767442
865;871;-2.77037209302326e-06
866;866;1.0
866;925;-97.5
867;790;-0.2291159242933691
867;867;1.0
868;791;-0.152942247836367
868;792;-0.0419179695172896
868;868;1.0
869;792;-0.156938571381587
869;793;-0.216191793747545
869;869;1.0
870;791;-0.24723746830691
870;792;-0.0677621311745659
870;870;1.0
871;792;-0.170117270327586
871;793;-0.234346199890742
871;871;1.0
872;815;-3.5098030277376187
872;872;1.0
873;158;-0.04830917874396135
873;349;-0.18493
873;434;-1.0
873;499;-1500.0
873;504;-405.0
873;873;1.0
874;859;-818.0
874;874;1.0
875;476;-500.0
875;501;-454.0
875;550;-1180.0
875;558;-2000.0
875;875;1.0
875;925;-3000.0
876;168;-51.83924
876;876;1.0
877;104;-8.011405597447662e-06
877;283;-0.008121642538468542
877;877;1.0
878;236;-5.348319914762801e-10
878;238;-5.348319914762801e-10
878;240;-5.348319914762801e-10
878;241;-5.348319914762801e-10
878;242;-5.348319914762801e-10
878;243;-5.348319914762801e-10
878;878;1.0
879;237;-5.348319914762801e-10
879;239;-5.348319914762801e-10
879;879;1.0
880;476;-120.0
880;880;1.0
880;925;-52.5
881;104;-1.077767569163363e-05
881;206;-0.009018759018759018
881;283;-0.01092597650915051
881;881;1.0
882;397;-0.00862
882;882;1.0
883;347;-0.09476
883;883;1.0
884;884;1.0
885;885;1.0
886;886;1.0
887;550;-1418.0
887;887;1.0
888;244;-0.42432000000000003
888;888;1.0
889;62;-0.0326
889;63;-0.0326
889;64;-0.0326
889;65;-0.0326
889;169;-0.0326
889;170;-0.0326
889;171;-0.0326
889;172;-0.0326
889;173;-0.0326
889;213;-0.22226666666666667
889;505;-0.0326
889;506;-0.0326
889;511;-81.1
889;537;-0.0326
889;538;-0.0326
889;790;-0.24
889;791;-0.18
889;792;-0.18
889;793;-0.18
889;851;-315000.0
889;889;1.0
890;133;-0.006857
890;245;-0.25
890;246;-0.25
890;247;-0.25
890;248;-0.25
890;249;-0.25
890;250;-0.25
890;251;-0.25
890;252;-0.25
890;253;-0.25
890;254;-0.25
890;255;-0.25
890;256;-0.25
890;257;-0.25
890;258;-0.25
890;476;-15000.0
890;550;-118.0
890;558;-2000.0
890;890;1.0
890;925;-4000.0
891;39;-0.16
891;46;-0.15
891;69;-22.0
891;453;-221090.0
891;499;-250.0
891;504;-231.2
891;533;-30.0
891;883;-220.0
891;891;1.0
892;45;-0.1
892;48;-0.1
892;59;-0.15996000000000002
892;60;-0.15996000000000002
892;61;-0.15996000000000002
892;129;-0.1
892;134;-0.0104257
892;164;-0.20099999999999998
892;165;-0.1716
892;166;-0.1608
892;167;-0.32964
892;168;-0.1608
892;306;-0.1
892;364;-0.0035
892;383;-0.1
892;388;-0.0029
892;529;-0.0183
892;876;-0.0035
892;892;1.0
892;928;-0.039
893;492;-7.439999999999999e-05
893;893;1.0
894;851;-26.0
894;894;1.0
895;851;-10.4
895;895;1.0
896;896;1.0
897;74;-0.00152
897;492;-0.001
897;897;1.0
898;489;-2.775044779131663
898;898;1.0
899;511;237.0
899;899;1.0
900;511;158.0
900;900;1.0
901;244;-0.50532
901;901;1.0
902;511;5.0
902;902;1.0
903;127;-0.031
903;903;1.0
904;851;4400000.0
904;904;1.0
905;905;1.0
906;851;135000.0
906;906;1.0
907;488;-2.20868750418312
907;907;1.0
908;492;0.003
908;908;1.0
909;195;9520.0
909;209;14400000.0
909;909;1.0
910;244;-0.22848000000000002
910;910;1.0
911;397;-0.000773
911;911;1.0
912;851;5120.0
912;912;1.0
913;209;828000000.0
913;913;1.0
914;187;0.7014028056112225
914;236;-0.012439
914;238;-0.012439
914;240;-0.007398
914;242;-0.007398
914;309;0.05
914;914;1.0
915;62;6.89e-07
915;63;6.89e-07
915;64;6.89e-07
915;65;6.89e-07
915;169;6.89e-07
915;170;6.89e-07
915;171;6.89e-07
915;172;6.89e-07
915;173;6.89e-07
915;237;-0.012439
915;239;-0.012439
915;241;-0.007398
915;243;-0.007398
915;505;6.89e-07
915;506;6.89e-07
915;537;6.89e-07
915;538;6.89e-07
915;915;1.0
916;397;-0.000227
916;916;1.0
917;752;1.8
917;917;1.0
918;240;-2.8615461179087874e-07
918;242;-2.8615461179087874e-07
918;918;1.0
919;241;-2.8615461179087874e-07
919;243;-2.8615461179087874e-07
919;919;1.0
920;869;-0.00680655360735842
920;871;-0.00381017763666009
920;920;1.0
921;544;-0.0161846343081878
921;547;-0.0196745738050101
921;868;-0.0212585034013606
921;869;-0.0161885599310147
921;870;-0.00714098688438742
921;871;-0.00906204410881319
921;921;1.0
922;533;-15.0
922;883;-220.0
922;922;1.0
923;244;-9.339599999999999
923;923;1.0
924;533;-45.0
924;883;-440.0
924;924;1.0
925;491;-1.09529e-07
925;925;1.0
926;544;-4.22517861542252e-05
926;545;-3.69571930824782e-05
926;546;-4.14299242424242e-05
926;547;-4.07402128468263e-05
926;867;-6.02617079889806e-05
926;868;-5.3030303030303e-05
926;869;-4.81060606060607e-05
926;870;-6.0429880197322e-05
926;871;-5.48185341789994e-05
926;926;1.0
927;544;-4.13895048041389e-06
927;545;-2.21493728620296e-05
927;547;-3.9908779931585e-06
927;868;-5.1948051948052e-06
927;869;-2.88311688311688e-05
927;870;-5.91966173361523e-06
927;871;-3.28541226215645e-05
927;927;1.0
928;164;-58.638400000000004
928;928;1.0
929;546;-4.28267045454546e-06
929;867;-7.63636363636364e-06
929;929;1.0
930;546;-8.98082386363633e-06
930;867;-1.85909090909091e-05
930;930;1.0
931;546;-1.19850852272727e-07
931;867;-3.43181818181818e-06
931;931;1.0
