country;year;Hydro;Nuclear;Gas;Solar;Wind;Biomass;Coal;Oil;Geothermal;Waste;Biogas CCS;Biomass CCS;Coal CCS;Gas CCS;Wood CCS
AO;2015;0.380;0.000;0.060;0.000;0.000;0.000;0.000;0.560;0.000;0.000;0.000;0.000;0.000;0.000;0.000
AO;2016;0.410;0.000;0.060;0.000;0.000;0.000;0.000;0.530;0.000;0.000;0.000;0.000;0.000;0.000;0.000
AO;2020;0.710;0.000;0.210;0.000;0.000;0.010;0.000;0.070;0.000;0.000;0.000;0.000;0.000;0.000;0.000
AO;2025;0.910;0.000;0.040;0.000;0.000;0.010;0.000;0.040;0.000;0.000;0.000;0.000;0.000;0.000;0.000
AO;2030;0.880;0.000;0.070;0.020;0.000;0.010;0.000;0.030;0.000;0.000;0.000;0.000;0.000;0.000;0.000
AO;2040;0.800;0.000;0.010;0.180;0.000;0.000;0.000;0.000;0.000;0.000;0.000;0.000;0.000;0.000;0.000
AO;2050;0.550;0.000;0.000;0.190;0.000;0.000;0.260;0.000;0.000;0.000;0.000;0.000;0.000;0.000;0.000
AT;2000;0.700;0.000;0.150;0.000;0.000;0.030;0.100;0.030;0.000;0.000;0.000;0.000;0.000;0.000;0.000
AT;2005;0.570;0.000;0.220;0.000;0.020;0.040;0.110;0.030;0.000;0.000;0.000;0.000;0.000;0.000;0.000
AT;2010;0.560;0.000;0.240;0.000;0.030;0.070;0.070;0.020;0.000;0.000;0.000;0.000;0.000;0.000;0.000
AT;2015;0.660;0.000;0.120;0.010;0.140;0.000;0.050;0.020;0.000;0.000;0.000;0.000;0.000;0.000;0.000
AT;2016;0.660;0.000;0.120;0.010;0.140;0.000;0.050;0.020;0.000;0.000;0.000;0.000;0.000;0.000;0.000
AT;2020;0.470;0.000;0.270;0.010;0.220;0.000;0.030;0.000;0.000;0.000;0.000;0.000;0.000;0.000;0.000
AT;2025;0.571;0.000;0.055;0.085;0.173;0.000;0.000;0.000;0.049;0.068;0.000;0.000;0.000;0.000;0.000
AT;2030;0.514;0.000;0.001;0.152;0.246;0.000;0.000;0.000;0.036;0.051;0.000;0.000;0.000;0.000;0.000
AT;2040;0.400;0.000;0.012;0.216;0.305;0.000;0.000;0.000;0.028;0.039;0.000;0.000;0.000;0.000;0.000
AU;2015;0.070;0.000;0.110;0.050;0.160;0.040;0.570;0.000;0.000;0.000;0.000;0.000;0.000;0.000;0.000
AU;2016;0.090;0.000;0.120;0.080;0.150;0.030;0.530;0.000;0.000;0.000;0.000;0.000;0.000;0.000;0.000
AU;2020;0.070;0.000;0.130;0.170;0.170;0.030;0.430;0.000;0.000;0.000;0.000;0.000;0.000;0.000;0.000
AU;2025;0.060;0.000;0.090;0.250;0.150;0.030;0.420;0.000;0.000;0.000;0.000;0.000;0.000;0.000;0.000
AU;2030;0.070;0.000;0.110;0.280;0.120;0.020;0.400;0.000;0.000;0.000;0.000;0.000;0.000;0.000;0.000
AU;2040;0.050;0.000;0.260;0.350;0.140;0.030;0.170;0.000;0.000;0.000;0.000;0.000;0.000;0.000;0.000
AU;2050;0.070;0.000;0.160;0.580;0.150;0.040;0.000;0.000;0.000;0.000;0.000;0.000;0.000;0.000;0.000
AU;2000;0.080;0.000;0.080;0.000;0.000;0.010;0.830;0.010;0.000;0.000;0.000;0.000;0.000;0.000;0.000
BE;2000;0.010;0.580;0.230;0.000;0.000;0.020;0.160;0.010;0.000;0.000;0.000;0.000;0.000;0.000;0.000
BE;2005;0.000;0.560;0.290;0.000;0.000;0.030;0.100;0.020;0.000;0.000;0.000;0.000;0.000;0.000;0.000
BE;2010;0.000;0.510;0.350;0.010;0.010;0.060;0.040;0.000;0.000;0.000;0.000;0.000;0.000;0.000;0.000
BE;2015;0.020;0.400;0.340;0.050;0.070;0.080;0.040;0.000;0.000;0.000;0.000;0.000;0.000;0.000;0.000
BE;2016;0.010;0.420;0.320;0.050;0.090;0.080;0.030;0.000;0.000;0.000;0.000;0.000;0.000;0.000;0.000
BE;2020;0.000;0.500;0.240;0.050;0.160;0.040;0.000;0.010;0.000;0.000;0.000;0.000;0.000;0.000;0.000
BE;2025;0.011;0.000;0.392;0.122;0.296;0.000;0.074;0.000;0.019;0.085;0.000;0.000;0.000;0.000;0.000
BE;2030;0.030;0.000;0.152;0.159;0.495;0.000;0.063;0.000;0.014;0.087;0.000;0.000;0.000;0.000;0.000
BE;2040;0.021;0.000;0.151;0.162;0.546;0.000;0.046;0.000;0.010;0.063;0.000;0.000;0.000;0.000;0.000
BF;2015;0.020;0.000;0.000;0.010;0.000;0.010;0.000;0.960;0.000;0.000;0.000;0.000;0.000;0.000;0.000
BF;2016;0.020;0.000;0.000;0.010;0.000;0.000;0.000;0.970;0.000;0.000;0.000;0.000;0.000;0.000;0.000
BF;2020;0.020;0.000;0.000;0.200;0.000;0.000;0.000;0.780;0.000;0.000;0.000;0.000;0.000;0.000;0.000
BF;2025;0.050;0.000;0.000;0.840;0.000;0.000;0.000;0.110;0.000;0.000;0.000;0.000;0.000;0.000;0.000
BF;2030;0.030;0.000;0.000;0.810;0.000;0.000;0.110;0.050;0.000;0.000;0.000;0.000;0.000;0.000;0.000
BF;2040;0.010;0.000;0.000;0.540;0.000;0.000;0.450;0.010;0.000;0.000;0.000;0.000;0.000;0.000;0.000
BF;2050;0.000;0.000;0.000;0.500;0.000;0.000;0.500;0.000;0.000;0.000;0.000;0.000;0.000;0.000;0.000
BG;2000;0.070;0.450;0.050;0.000;0.000;0.000;0.420;0.020;0.000;0.000;0.000;0.000;0.000;0.000;0.000
BG;2005;0.100;0.420;0.040;0.000;0.000;0.000;0.420;0.010;0.000;0.000;0.000;0.000;0.000;0.000;0.000
BG;2010;0.110;0.330;0.040;0.000;0.010;0.000;0.490;0.010;0.000;0.000;0.000;0.000;0.000;0.000;0.000
BG;2015;0.090;0.320;0.060;0.020;0.020;0.000;0.480;0.010;0.000;0.000;0.000;0.000;0.000;0.000;0.000
BG;2016;0.090;0.320;0.070;0.020;0.020;0.000;0.470;0.010;0.000;0.000;0.000;0.000;0.000;0.000;0.000
BG;2020;0.100;0.310;0.080;0.020;0.020;0.000;0.470;0.000;0.000;0.000;0.000;0.000;0.000;0.000;0.000
BG;2025;0.064;0.301;0.032;0.035;0.034;0.000;0.523;0.000;0.010;0.000;0.000;0.000;0.000;0.000;0.000
BG;2030;0.107;0.301;0.028;0.037;0.038;0.000;0.477;0.000;0.012;0.000;0.000;0.000;0.000;0.000;0.000
BG;2040;0.074;0.625;0.140;0.053;0.073;0.000;0.022;0.000;0.012;0.000;0.000;0.000;0.000;0.000;0.000
BI;2015;0.920;0.000;0.000;0.030;0.000;0.000;0.000;0.050;0.000;0.000;0.000;0.000;0.000;0.000;0.000
BI;2016;0.930;0.000;0.000;0.030;0.000;0.000;0.000;0.040;0.000;0.000;0.000;0.000;0.000;0.000;0.000
BI;2020;0.260;0.000;0.000;0.500;0.000;0.000;0.000;0.240;0.000;0.000;0.000;0.000;0.000;0.000;0.000
BI;2025;0.390;0.000;0.000;0.200;0.000;0.000;0.000;0.030;0.380;0.000;0.000;0.000;0.000;0.000;0.000
BI;2030;0.640;0.000;0.000;0.120;0.000;0.000;0.000;0.020;0.220;0.000;0.000;0.000;0.000;0.000;0.000
BI;2040;0.680;0.000;0.000;0.220;0.000;0.000;0.000;0.000;0.100;0.000;0.000;0.000;0.000;0.000;0.000
BI;2050;0.430;0.000;0.000;0.510;0.000;0.000;0.000;0.000;0.050;0.000;0.000;0.000;0.000;0.000;0.000
BJ;2015;0.000;0.000;0.650;0.010;0.000;0.000;0.000;0.340;0.000;0.000;0.000;0.000;0.000;0.000;0.000
BJ;2016;0.000;0.000;0.640;0.010;0.000;0.000;0.000;0.350;0.000;0.000;0.000;0.000;0.000;0.000;0.000
BJ;2020;0.620;0.000;0.040;0.000;0.000;0.000;0.000;0.340;0.000;0.000;0.000;0.000;0.000;0.000;0.000
BJ;2025;0.930;0.000;0.040;0.000;0.000;0.000;0.000;0.030;0.000;0.000;0.000;0.000;0.000;0.000;0.000
BJ;2030;0.710;0.000;0.020;0.070;0.000;0.000;0.190;0.010;0.000;0.000;0.000;0.000;0.000;0.000;0.000
BJ;2040;0.360;0.000;0.000;0.140;0.000;0.000;0.490;0.000;0.000;0.000;0.000;0.000;0.000;0.000;0.000
BJ;2050;0.240;0.000;0.000;0.200;0.000;0.000;0.560;0.000;0.000;0.000;0.000;0.000;0.000;0.000;0.000
BR;2015;0.610;0.030;0.140;0.000;0.040;0.080;0.050;0.050;0.000;0.000;0.000;0.000;0.000;0.000;0.000
BR;2016;0.660;0.030;0.090;0.000;0.050;0.090;0.040;0.040;0.000;0.000;0.000;0.000;0.000;0.000;0.000
BR;2020;0.650;0.030;0.090;0.000;0.070;0.090;0.040;0.030;0.000;0.000;0.000;0.000;0.000;0.000;0.000
BR;2025;0.640;0.040;0.080;0.010;0.100;0.080;0.030;0.020;0.000;0.000;0.000;0.000;0.000;0.000;0.000
BR;2030;0.630;0.040;0.090;0.010;0.110;0.080;0.030;0.010;0.000;0.000;0.000;0.000;0.000;0.000;0.000
BR;2040;0.610;0.040;0.110;0.020;0.120;0.070;0.020;0.010;0.000;0.000;0.000;0.000;0.000;0.000;0.000
BR;2050;0.600;0.040;0.130;0.020;0.120;0.060;0.020;0.010;0.000;0.000;0.000;0.000;0.000;0.000;0.000
BW;2015;0.000;0.000;0.000;0.000;0.000;0.000;0.950;0.050;0.000;0.000;0.000;0.000;0.000;0.000;0.000
BW;2016;0.000;0.000;0.000;0.000;0.000;0.000;0.950;0.050;0.000;0.000;0.000;0.000;0.000;0.000;0.000
BW;2020;0.000;0.000;0.000;0.000;0.000;0.000;0.950;0.050;0.000;0.000;0.000;0.000;0.000;0.000;0.000
BW;2025;0.000;0.000;0.000;0.180;0.000;0.000;0.760;0.060;0.000;0.000;0.000;0.000;0.000;0.000;0.000
BW;2030;0.000;0.000;0.000;0.350;0.000;0.000;0.630;0.020;0.000;0.000;0.000;0.000;0.000;0.000;0.000
BW;2040;0.000;0.000;0.000;0.580;0.000;0.000;0.420;0.000;0.000;0.000;0.000;0.000;0.000;0.000;0.000
BW;2050;0.000;0.000;0.000;0.550;0.000;0.000;0.450;0.000;0.000;0.000;0.000;0.000;0.000;0.000;0.000
CA;2015;0.590;0.150;0.100;0.000;0.040;0.020;0.000;0.100;0.000;0.000;0.000;0.000;0.000;0.000;0.000
CA;2016;0.580;0.150;0.100;0.010;0.040;0.020;0.000;0.100;0.000;0.000;0.000;0.000;0.000;0.000;0.000
CA;2020;0.580;0.130;0.130;0.010;0.050;0.020;0.000;0.080;0.000;0.000;0.000;0.000;0.000;0.000;0.000
CA;2025;0.600;0.090;0.170;0.010;0.070;0.020;0.000;0.040;0.000;0.000;0.000;0.000;0.000;0.000;0.000
CA;2030;0.590;0.110;0.180;0.010;0.080;0.020;0.000;0.010;0.000;0.000;0.000;0.000;0.000;0.000;0.000
CA;2040;0.570;0.120;0.170;0.020;0.090;0.020;0.000;0.010;0.000;0.000;0.000;0.000;0.000;0.000;0.000
CA;2050;0.570;0.120;0.170;0.020;0.100;0.020;0.000;0.000;0.000;0.000;0.000;0.000;0.000;0.000;0.000
CD;2015;0.990;0.000;0.000;0.000;0.000;0.000;0.000;0.000;0.000;0.000;0.000;0.000;0.000;0.000;0.000
CD;2016;0.990;0.000;0.000;0.000;0.000;0.000;0.000;0.000;0.000;0.000;0.000;0.000;0.000;0.000;0.000
CD;2020;0.930;0.000;0.060;0.000;0.000;0.000;0.000;0.010;0.000;0.000;0.000;0.000;0.000;0.000;0.000
CD;2025;0.820;0.000;0.020;0.000;0.000;0.000;0.150;0.000;0.000;0.000;0.000;0.000;0.000;0.000;0.000
CD;2030;0.480;0.000;0.010;0.000;0.000;0.000;0.510;0.000;0.000;0.000;0.000;0.000;0.000;0.000;0.000
CD;2040;0.810;0.000;0.000;0.020;0.000;0.000;0.170;0.000;0.000;0.000;0.000;0.000;0.000;0.000;0.000
CD;2050;0.770;0.000;0.000;0.130;0.000;0.000;0.100;0.000;0.000;0.000;0.000;0.000;0.000;0.000;0.000
CF;2015;0.230;0.000;0.000;0.000;0.000;0.000;0.000;0.770;0.000;0.000;0.000;0.000;0.000;0.000;0.000
CF;2016;0.220;0.000;0.000;0.000;0.000;0.000;0.000;0.780;0.000;0.000;0.000;0.000;0.000;0.000;0.000
CF;2020;0.050;0.000;0.000;0.460;0.000;0.000;0.000;0.480;0.000;0.000;0.000;0.000;0.000;0.000;0.000
CF;2025;0.520;0.000;0.000;0.290;0.000;0.000;0.190;0.010;0.000;0.000;0.000;0.000;0.000;0.000;0.000
CF;2030;0.640;0.000;0.000;0.220;0.000;0.000;0.130;0.010;0.000;0.000;0.000;0.000;0.000;0.000;0.000
CF;2040;0.540;0.000;0.000;0.390;0.000;0.000;0.060;0.000;0.000;0.000;0.000;0.000;0.000;0.000;0.000
CF;2050;0.540;0.000;0.000;0.440;0.000;0.000;0.020;0.000;0.000;0.000;0.000;0.000;0.000;0.000;0.000
CG;2015;0.580;0.000;0.340;0.000;0.000;0.020;0.000;0.050;0.000;0.000;0.000;0.000;0.000;0.000;0.000
CG;2016;0.580;0.000;0.340;0.000;0.000;0.020;0.000;0.050;0.000;0.000;0.000;0.000;0.000;0.000;0.000
CG;2020;0.210;0.000;0.720;0.000;0.000;0.010;0.000;0.060;0.000;0.000;0.000;0.000;0.000;0.000;0.000
CG;2025;0.160;0.000;0.650;0.150;0.000;0.000;0.000;0.030;0.000;0.000;0.000;0.000;0.000;0.000;0.000
CG;2030;0.120;0.000;0.610;0.260;0.000;0.000;0.000;0.010;0.000;0.000;0.000;0.000;0.000;0.000;0.000
CG;2040;0.070;0.000;0.390;0.540;0.000;0.000;0.000;0.000;0.000;0.000;0.000;0.000;0.000;0.000;0.000
CG;2050;0.190;0.000;0.400;0.400;0.000;0.000;0.000;0.000;0.000;0.000;0.000;0.000;0.000;0.000;0.000
CH;2000;0.570;0.390;0.010;0.000;0.000;0.000;0.000;0.000;0.000;0.020;0.000;0.000;0.000;0.000;0.000
CH;2005;0.550;0.390;0.010;0.000;0.000;0.000;0.000;0.000;0.000;0.030;0.000;0.000;0.000;0.000;0.000
CH;2010;0.550;0.390;0.020;0.000;0.000;0.000;0.000;0.000;0.000;0.040;0.000;0.000;0.000;0.000;0.000
CH;2015;0.580;0.340;0.020;0.020;0.000;0.000;0.000;0.000;0.000;0.040;0.000;0.000;0.000;0.000;0.000
CH;2020;0.590;0.250;0.020;0.020;0.020;0.030;0.060;0.000;0.000;0.010;0.000;0.000;0.000;0.000;0.000
CH;2030;0.590;0.200;0.050;0.100;0.000;0.030;0.030;0.000;0.000;0.000;0.000;0.000;0.000;0.000;0.000
CH;2040;0.590;0.100;0.080;0.200;;0.040;0.010;0.000;0.000;0.000;0.000;0.000;0.000;0.000;0.000
CH;2050;0.590;0.000;0.110;0.250;0.000;0.050;0.000;0.000;0.000;0.000;0.000;0.000;0.000;0.000;0.000
CI;2015;0.470;0.000;0.230;0.000;0.000;0.000;0.000;0.300;0.000;0.000;0.000;0.000;0.000;0.000;0.000
CI;2016;0.460;0.000;0.230;0.000;0.000;0.000;0.000;0.300;0.000;0.000;0.000;0.000;0.000;0.000;0.000
CI;2020;0.460;0.000;0.230;0.000;0.000;0.000;0.000;0.300;0.000;0.000;0.000;0.000;0.000;0.000;0.000
CI;2025;0.870;0.000;0.100;0.000;0.000;0.000;0.000;0.030;0.000;0.000;0.000;0.000;0.000;0.000;0.000
CI;2030;0.530;0.000;0.040;0.030;0.000;0.000;0.390;0.010;0.000;0.000;0.000;0.000;0.000;0.000;0.000
CI;2040;0.280;0.000;0.000;0.200;0.000;0.000;0.520;0.000;0.000;0.000;0.000;0.000;0.000;0.000;0.000
CI;2050;0.140;0.000;0.000;0.240;0.000;0.000;0.620;0.000;0.000;0.000;0.000;0.000;0.000;0.000;0.000
CL;2015;0.410;0.000;0.060;0.040;0.040;0.050;0.400;0.000;0.000;0.000;0.000;0.000;0.000;0.000;0.000
CL;2016;0.410;0.000;0.050;0.050;0.040;0.050;0.400;0.000;0.000;0.000;0.000;0.000;0.000;0.000;0.000
CL;2020;0.420;0.000;0.010;0.080;0.040;0.040;0.410;0.000;0.000;0.000;0.000;0.000;0.000;0.000;0.000
CL;2025;0.350;0.000;0.030;0.080;0.130;0.040;0.370;0.000;0.000;0.000;0.000;0.000;0.000;0.000;0.000
CL;2030;0.310;0.000;0.060;0.140;0.110;0.040;0.340;0.000;0.000;0.000;0.000;0.000;0.000;0.000;0.000
CL;2040;0.270;0.000;0.090;0.240;0.120;0.030;0.240;0.010;0.000;0.000;0.000;0.000;0.000;0.000;0.000
CL;2050;0.240;0.000;0.070;0.270;0.170;0.020;0.210;0.020;0.000;0.000;0.000;0.000;0.000;0.000;0.000
CM;2015;0.400;0.000;0.180;0.000;0.000;0.000;0.000;0.410;0.000;0.000;0.000;0.000;0.000;0.000;0.000
CM;2016;0.400;0.000;0.230;0.000;0.000;0.000;0.000;0.380;0.000;0.000;0.000;0.000;0.000;0.000;0.000
CM;2020;0.370;0.000;0.580;0.000;0.000;0.000;0.000;0.040;0.000;0.000;0.000;0.000;0.000;0.000;0.000
CM;2025;0.340;0.000;0.620;0.000;0.000;0.000;0.000;0.040;0.000;0.000;0.000;0.000;0.000;0.000;0.000
CM;2030;0.240;0.000;0.680;0.060;0.000;0.000;0.000;0.010;0.000;0.000;0.000;0.000;0.000;0.000;0.000
CM;2040;0.130;0.000;0.590;0.280;0.000;0.000;0.000;0.000;0.000;0.000;0.000;0.000;0.000;0.000;0.000
CM;2050;0.240;0.000;0.450;0.310;0.000;0.000;0.000;0.000;0.000;0.000;0.000;0.000;0.000;0.000;0.000
CN;2015;0.190;0.030;0.030;0.010;0.030;0.010;0.700;0.000;0.000;0.000;0.000;0.000;0.000;0.000;0.000
CN;2016;0.200;0.040;0.030;0.010;0.040;0.010;0.670;0.000;0.000;0.000;0.000;0.000;0.000;0.000;0.000
CN;2020;0.170;0.060;0.050;0.030;0.050;0.020;0.620;0.000;0.000;0.000;0.000;0.000;0.000;0.000;0.000
CN;2025;0.160;0.070;0.060;0.040;0.070;0.020;0.580;0.000;0.000;0.000;0.000;0.000;0.000;0.000;0.000
CN;2030;0.140;0.080;0.070;0.050;0.070;0.020;0.570;0.000;0.000;0.000;0.000;0.000;0.000;0.000;0.000
CN;2040;0.140;0.090;0.080;0.050;0.080;0.020;0.540;0.000;0.000;0.000;0.000;0.000;0.000;0.000;0.000
CN;2050;0.130;0.090;0.080;0.060;0.090;0.020;0.530;0.000;0.000;0.000;0.000;0.000;0.000;0.000;0.000
CY;2000;0.000;0.000;0.000;0.000;0.000;0.000;0.000;1.000;0.000;0.000;0.000;0.000;0.000;0.000;0.000
CY;2005;0.000;0.000;0.000;0.000;0.000;0.000;0.000;1.000;0.000;0.000;0.000;0.000;0.000;0.000;0.000
CY;2010;0.000;0.000;0.000;0.000;0.010;0.010;0.000;0.990;0.000;0.000;0.000;0.000;0.000;0.000;0.000
CY;2015;0.000;0.000;0.000;0.050;0.050;0.010;0.000;0.890;0.000;0.000;0.000;0.000;0.000;0.000;0.000
CY;2016;0.000;0.000;0.150;0.060;0.060;0.010;0.000;0.720;0.000;0.000;0.000;0.000;0.000;0.000;0.000
CY;2020;0.000;0.000;0.700;0.110;0.090;0.010;0.000;0.090;0.000;0.000;0.000;0.000;0.000;0.000;0.000
CY;2025;0.000;0.000;0.770;0.130;0.080;0.020;0.000;0.000;0.000;0.000;0.000;0.000;0.000;0.000;0.000
CY;2030;0.000;0.000;0.710;0.180;0.080;0.030;0.000;0.000;0.000;0.000;0.000;0.000;0.000;0.000;0.000
CY;2040;0.000;0.000;0.710;0.180;0.080;0.030;0.000;0.000;0.000;0.000;0.000;0.000;0.000;0.000;0.000
CY;2050;0.000;0.000;0.580;0.260;0.130;0.030;0.000;0.000;0.000;0.000;0.000;0.000;0.000;0.000;0.000
CZ;2000;0.020;0.190;0.050;0.000;0.000;0.010;0.720;0.010;0.000;0.000;0.000;0.000;0.000;0.000;0.000
CZ;2005;0.030;0.300;0.050;0.000;0.000;0.010;0.600;0.000;0.000;0.000;0.000;0.000;0.000;0.000;0.000
CZ;2010;0.030;0.330;0.050;0.010;0.000;0.030;0.550;0.000;0.000;0.000;0.000;0.000;0.000;0.000;0.000
CZ;2015;0.020;0.340;0.070;0.030;0.010;0.030;0.500;0.000;0.000;0.000;0.000;0.000;0.000;0.000;0.000
CZ;2016;0.030;0.340;0.070;0.030;0.010;0.020;0.500;0.000;0.000;0.000;0.000;0.000;0.000;0.000;0.000
CZ;2020;0.030;0.350;0.050;0.030;0.010;0.010;0.520;0.000;0.000;0.000;0.000;0.000;0.000;0.000;0.000
CZ;2025;0.033;0.353;0.014;0.040;0.014;0.000;0.425;0.000;0.063;0.058;0.000;0.000;0.000;0.000;0.000
CZ;2030;0.048;0.417;0.001;0.081;0.040;0.000;0.259;0.000;0.091;0.063;0.000;0.000;0.000;0.000;0.000
CZ;2040;0.061;0.535;0.036;0.103;0.072;0.000;0.008;0.000;0.109;0.076;0.000;0.000;0.000;0.000;0.000
DE;2000;0.040;0.300;0.100;0.000;0.020;0.020;0.520;0.010;0.000;0.000;0.000;0.000;0.000;0.000;0.000
DE;2005;0.030;0.260;0.140;0.000;0.040;0.030;0.470;0.020;0.000;0.000;0.000;0.000;0.000;0.000;0.000
DE;2010;0.030;0.220;0.160;0.020;0.060;0.070;0.420;0.010;0.000;0.000;0.000;0.000;0.000;0.000;0.000
DE;2015;0.050;0.150;0.100;0.060;0.210;0.000;0.420;0.010;0.000;0.000;0.000;0.000;0.000;0.000;0.000
DE;2016;0.050;0.130;0.140;0.060;0.220;0.000;0.390;0.010;0.000;0.000;0.000;0.000;0.000;0.000;0.000
DE;2020;0.040;0.090;0.310;0.080;0.270;0.000;0.210;0.000;0.000;0.000;0.000;0.000;0.000;0.000;0.000
DE;2025;0.048;0.000;0.117;0.132;0.348;0.000;0.170;0.004;0.083;0.098;0.000;0.000;0.000;0.000;0.000
DE;2030;0.066;0.000;0.079;0.150;0.435;0.000;0.096;0.003;0.065;0.106;0.000;0.000;0.000;0.000;0.000
DE;2040;0.058;0.000;0.056;0.134;0.617;0.000;0.000;0.001;0.043;0.091;0.000;0.000;0.000;0.000;0.000
DJ;2015;0.000;0.000;0.000;0.000;0.000;0.000;0.000;1.000;0.000;0.000;0.000;0.000;0.000;0.000;0.000
DJ;2016;0.000;0.000;0.000;0.000;0.000;0.000;0.000;1.000;0.000;0.000;0.000;0.000;0.000;0.000;0.000
DJ;2020;0.000;0.000;0.000;0.000;0.000;0.000;0.000;1.000;0.000;0.000;0.000;0.000;0.000;0.000;0.000
DJ;2025;0.000;0.000;0.000;0.000;0.000;0.000;0.000;0.440;0.560;0.000;0.000;0.000;0.000;0.000;0.000
DJ;2030;0.000;0.000;0.000;0.000;0.000;0.000;0.000;0.340;0.660;0.000;0.000;0.000;0.000;0.000;0.000
DJ;2040;0.000;0.000;0.000;0.400;0.000;0.000;0.000;0.000;0.600;0.000;0.000;0.000;0.000;0.000;0.000
DJ;2050;0.000;0.000;0.020;0.650;0.000;0.000;0.000;0.000;0.330;0.000;0.000;0.000;0.000;0.000;0.000
DK;2000;0.000;0.000;0.240;0.000;0.120;0.050;0.460;0.120;0.000;0.000;0.000;0.000;0.000;0.000;0.000
DK;2005;0.000;0.000;0.240;0.000;0.180;0.110;0.430;0.040;0.000;0.000;0.000;0.000;0.000;0.000;0.000
DK;2010;0.000;0.000;0.200;0.000;0.200;0.140;0.440;0.020;0.000;0.000;0.000;0.000;0.000;0.000;0.000
DK;2015;0.000;0.000;0.120;0.020;0.370;0.180;0.310;0.000;0.000;0.000;0.000;0.000;0.000;0.000;0.000
DK;2016;0.000;0.000;0.080;0.020;0.410;0.240;0.250;0.000;0.000;0.000;0.000;0.000;0.000;0.000;0.000
DK;2020;0.000;0.000;0.050;0.020;0.490;0.310;0.130;0.000;0.000;0.000;0.000;0.000;0.000;0.000;0.000
DK;2025;0.000;0.000;0.002;0.039;0.591;0.057;0.124;0.034;0.113;0.039;0.000;0.000;0.000;0.000;0.000
DK;2030;0.000;0.000;0.000;0.051;0.715;0.048;0.043;0.033;0.086;0.024;0.000;0.000;0.000;0.000;0.000
DK;2040;0.000;0.000;0.000;0.082;0.762;0.035;0.033;0.022;0.053;0.013;0.000;0.000;0.000;0.000;0.000
DZ;2015;0.010;0.000;0.900;0.010;0.000;0.000;0.000;0.070;0.000;0.000;0.000;0.000;0.000;0.000;0.000
DZ;2016;0.010;0.000;0.900;0.010;0.000;0.000;0.000;0.080;0.000;0.000;0.000;0.000;0.000;0.000;0.000
DZ;2020;0.010;0.000;0.960;0.010;0.000;0.000;0.000;0.010;0.000;0.000;0.000;0.000;0.000;0.000;0.000
DZ;2025;0.020;0.000;0.890;0.050;0.020;0.010;0.000;0.010;0.000;0.000;0.000;0.000;0.000;0.000;0.000
DZ;2030;0.020;0.000;0.720;0.130;0.080;0.040;0.000;0.010;0.000;0.000;0.000;0.000;0.000;0.000;0.000
DZ;2040;0.020;0.000;0.580;0.110;0.260;0.030;0.000;0.000;0.000;0.000;0.000;0.000;0.000;0.000;0.000
DZ;2050;0.010;0.000;0.130;0.210;0.420;0.030;0.190;0.000;0.000;0.000;0.000;0.000;0.000;0.000;0.000
EE;2000;0.000;0.000;0.090;0.000;0.000;0.000;0.900;0.010;0.000;0.000;0.000;0.000;0.000;0.000;0.000
EE;2005;0.000;0.000;0.070;0.000;0.010;0.000;0.910;0.000;0.000;0.000;0.000;0.000;0.000;0.000;0.000
EE;2010;0.000;0.000;0.050;0.000;0.020;0.060;0.860;0.000;0.000;0.000;0.000;0.000;0.000;0.000;0.000
EE;2015;0.000;0.000;0.060;0.000;0.050;0.080;0.810;0.000;0.000;0.000;0.000;0.000;0.000;0.000;0.000
EE;2016;0.000;0.000;0.060;0.000;0.050;0.080;0.810;0.000;0.000;0.000;0.000;0.000;0.000;0.000;0.000
EE;2020;0.000;0.000;0.060;0.000;0.060;0.080;0.800;0.000;0.000;0.000;0.000;0.000;0.000;0.000;0.000
EE;2025;0.000;0.000;0.000;0.035;0.150;0.000;0.000;0.576;0.136;0.103;0.000;0.000;0.000;0.000;0.000
EE;2030;0.000;0.000;0.000;0.065;0.417;0.000;0.000;0.241;0.158;0.119;0.000;0.000;0.000;0.000;0.000
EE;2040;0.000;0.000;0.000;0.070;0.689;0.000;0.000;0.047;0.113;0.081;0.000;0.000;0.000;0.000;0.000
EG;2015;0.080;0.000;0.780;0.000;0.020;0.020;0.000;0.100;0.000;0.000;0.000;0.000;0.000;0.000;0.000
EG;2016;0.070;0.000;0.780;0.000;0.020;0.030;0.000;0.090;0.000;0.000;0.000;0.000;0.000;0.000;0.000
EG;2020;0.070;0.000;0.860;0.000;0.030;0.030;0.000;0.010;0.000;0.000;0.000;0.000;0.000;0.000;0.000
EG;2025;0.080;0.000;0.680;0.050;0.050;0.020;0.110;0.010;0.000;0.000;0.000;0.000;0.000;0.000;0.000
EG;2030;0.070;0.000;0.590;0.060;0.060;0.010;0.200;0.000;0.000;0.000;0.000;0.000;0.000;0.000;0.000
EG;2040;0.060;0.040;0.310;0.080;0.110;0.010;0.310;0.090;0.000;0.000;0.000;0.000;0.000;0.000;0.000
EG;2050;0.050;0.040;0.000;0.130;0.170;0.010;0.290;0.320;0.000;0.000;0.000;0.000;0.000;0.000;0.000
ER;2015;0.000;0.000;0.000;0.000;0.000;0.000;0.000;1.000;0.000;0.000;0.000;0.000;0.000;0.000;0.000
ER;2016;0.000;0.000;0.000;0.010;0.000;0.000;0.000;0.990;0.000;0.000;0.000;0.000;0.000;0.000;0.000
ER;2020;0.000;0.000;0.000;0.110;0.000;0.000;0.000;0.890;0.000;0.000;0.000;0.000;0.000;0.000;0.000
ER;2025;0.000;0.000;0.000;0.160;0.000;0.000;0.040;0.130;0.680;0.000;0.000;0.000;0.000;0.000;0.000
ER;2030;0.000;0.000;0.000;0.110;0.000;0.000;0.020;0.090;0.770;0.000;0.000;0.000;0.000;0.000;0.000
ER;2040;0.000;0.000;0.000;0.290;0.000;0.000;0.020;0.020;0.660;0.000;0.000;0.000;0.000;0.000;0.000
ER;2050;0.000;0.000;0.000;0.560;0.000;0.000;0.040;0.010;0.390;0.000;0.000;0.000;0.000;0.000;0.000
ES;2000;0.130;0.280;0.100;0.000;0.020;0.010;0.360;0.100;0.000;0.000;0.000;0.000;0.000;0.000;0.000
ES;2005;0.060;0.200;0.280;0.000;0.070;0.010;0.290;0.080;0.000;0.000;0.000;0.000;0.000;0.000;0.000
ES;2010;0.140;0.210;0.320;0.020;0.150;0.020;0.090;0.060;0.000;0.000;0.000;0.000;0.000;0.000;0.000
ES;2015;0.120;0.210;0.190;0.040;0.190;0.020;0.210;0.020;0.000;0.000;0.000;0.000;0.000;0.000;0.000
ES;2016;0.120;0.210;0.190;0.050;0.190;0.020;0.210;0.010;0.000;0.000;0.000;0.000;0.000;0.000;0.000
ES;2020;0.120;0.200;0.200;0.060;0.200;0.020;0.200;0.000;0.000;0.000;0.000;0.000;0.000;0.000;0.000
ES;2025;0.122;0.198;0.034;0.216;0.320;0.000;0.000;0.000;0.028;0.081;0.000;0.000;0.000;0.000;0.000
ES;2030;0.150;0.068;0.073;0.252;0.369;0.000;0.000;0.000;0.031;0.057;0.000;0.000;0.000;0.000;0.000
ES;2040;0.132;0.000;0.012;0.337;0.448;0.000;0.000;0.000;0.028;0.043;0.000;0.000;0.000;0.000;0.000
ET;2015;0.850;0.000;0.000;0.000;0.080;0.050;0.000;0.020;0.010;0.000;0.000;0.000;0.000;0.000;0.000
ET;2016;0.830;0.000;0.000;0.000;0.080;0.070;0.000;0.020;0.000;0.000;0.000;0.000;0.000;0.000;0.000
ET;2020;0.880;0.000;0.000;0.000;0.040;0.030;0.000;0.010;0.040;0.000;0.000;0.000;0.000;0.000;0.000
ET;2025;1.000;0.000;0.000;0.000;0.000;0.000;0.000;0.000;0.000;0.000;0.000;0.000;0.000;0.000;0.000
ET;2030;0.910;0.000;0.000;0.000;0.010;0.000;0.000;0.000;0.080;0.000;0.000;0.000;0.000;0.000;0.000
ET;2040;0.650;0.000;0.000;0.210;0.000;0.000;0.000;0.000;0.140;0.000;0.000;0.000;0.000;0.000;0.000
ET;2050;0.390;0.000;0.030;0.450;0.000;0.000;0.000;0.000;0.140;0.000;0.000;0.000;0.000;0.000;0.000
FI;2000;0.210;0.320;0.150;0.000;0.000;0.130;0.180;0.010;0.000;0.000;0.000;0.000;0.000;0.000;0.000
FI;2005;0.200;0.330;0.170;0.000;0.000;0.140;0.160;0.010;0.000;0.000;0.000;0.000;0.000;0.000;0.000
FI;2010;0.160;0.280;0.150;0.000;0.000;0.140;0.260;0.010;0.000;0.000;0.000;0.000;0.000;0.000;0.000
FI;2015;0.220;0.320;0.110;0.000;0.030;0.190;0.120;0.010;0.000;0.000;0.000;0.000;0.000;0.000;0.000
FI;2016;0.210;0.340;0.100;0.000;0.040;0.180;0.120;0.010;0.000;0.000;0.000;0.000;0.000;0.000;0.000
FI;2020;0.160;0.410;0.090;0.000;0.060;0.150;0.130;0.000;0.000;0.000;0.000;0.000;0.000;0.000;0.000
FI;2025;0.190;0.431;0.025;0.005;0.113;0.000;0.070;0.000;0.149;0.017;0.000;0.000;0.000;0.000;0.000
FI;2030;0.245;0.252;0.028;0.009;0.231;0.000;0.057;0.000;0.165;0.013;0.000;0.000;0.000;0.000;0.000
FI;2040;0.172;0.111;0.018;0.014;0.501;0.000;0.035;0.000;0.142;0.007;0.000;0.000;0.000;0.000;0.000
FR;2000;0.130;0.770;0.030;0.000;0.000;0.010;0.050;0.010;0.000;0.000;0.000;0.000;0.000;0.000;0.000
FR;2005;0.090;0.790;0.050;0.000;0.000;0.010;0.050;0.010;0.000;0.000;0.000;0.000;0.000;0.000;0.000
FR;2010;0.110;0.760;0.050;0.000;0.020;0.010;0.040;0.010;0.000;0.000;0.000;0.000;0.000;0.000;0.000
FR;2015;0.110;0.760;0.040;0.010;0.050;0.000;0.020;0.010;0.000;0.000;0.000;0.000;0.000;0.000;0.000
FR;2016;0.100;0.740;0.060;0.020;0.060;0.000;0.010;0.010;0.000;0.000;0.000;0.000;0.000;0.000;0.000
FR;2020;0.090;0.650;0.120;0.020;0.120;0.000;0.000;0.000;0.000;0.000;0.000;0.000;0.000;0.000;0.000
FR;2025;0.094;0.700;0.013;0.049;0.112;0.000;0.000;0.000;0.018;0.014;0.000;0.000;0.000;0.000;0.000
FR;2030;0.114;0.559;0.001;0.086;0.206;0.000;0.000;0.000;0.019;0.014;0.000;0.000;0.000;0.000;0.000
FR;2040;0.103;0.344;0.005;0.124;0.390;0.000;0.000;0.000;0.019;0.014;0.000;0.000;0.000;0.000;0.000
GA;2015;0.450;0.000;0.060;0.000;0.000;0.000;0.000;0.500;0.000;0.000;0.000;0.000;0.000;0.000;0.000
GA;2016;0.430;0.000;0.060;0.000;0.000;0.000;0.000;0.510;0.000;0.000;0.000;0.000;0.000;0.000;0.000
GA;2020;0.460;0.000;0.050;0.040;0.000;0.000;0.000;0.450;0.000;0.000;0.000;0.000;0.000;0.000;0.000
GA;2025;0.860;0.000;0.020;0.070;0.000;0.000;0.000;0.050;0.000;0.000;0.000;0.000;0.000;0.000;0.000
GA;2030;0.840;0.000;0.010;0.130;0.000;0.000;0.000;0.020;0.000;0.000;0.000;0.000;0.000;0.000;0.000
GA;2040;0.750;0.000;0.000;0.250;0.000;0.000;0.000;0.000;0.000;0.000;0.000;0.000;0.000;0.000;0.000
GA;2050;0.700;0.000;0.000;0.280;0.000;0.000;0.020;0.000;0.000;0.000;0.000;0.000;0.000;0.000;0.000
GB;2015;0.020;0.180;0.330;0.020;0.100;0.070;0.270;0.010;0.000;0.000;0.000;0.000;0.000;0.000;0.000
GB;2016;0.020;0.170;0.330;0.020;0.130;0.090;0.230;0.010;0.000;0.000;0.000;0.000;0.000;0.000;0.000
GB;2020;0.010;0.180;0.310;0.020;0.260;0.140;0.070;0.010;0.000;0.000;0.000;0.000;0.000;0.000;0.000
GB;2025;0.010;0.170;0.350;0.020;0.250;0.160;0.030;0.010;0.000;0.000;0.000;0.000;0.000;0.000;0.000
GB;2030;0.010;0.270;0.270;0.020;0.240;0.170;0.010;0.010;0.000;0.000;0.000;0.000;0.000;0.000;0.000
GB;2040;0.010;0.240;0.360;0.020;0.220;0.140;0.010;0.000;0.000;0.000;0.000;0.000;0.000;0.000;0.000
GB;2050;0.010;0.290;0.300;0.020;0.260;0.110;0.010;0.000;0.000;0.000;0.000;0.000;0.000;0.000;0.000
GH;2015;0.430;0.000;0.430;0.000;0.000;0.000;0.000;0.140;0.000;0.000;0.000;0.000;0.000;0.000;0.000
GH;2016;0.400;0.000;0.300;0.000;0.000;0.000;0.000;0.300;0.000;0.000;0.000;0.000;0.000;0.000;0.000
GH;2020;0.310;0.000;0.430;0.020;0.020;0.000;0.000;0.220;0.000;0.000;0.000;0.000;0.000;0.000;0.000
GH;2025;0.470;0.000;0.390;0.060;0.030;0.000;0.030;0.020;0.000;0.000;0.000;0.000;0.000;0.000;0.000
GH;2030;0.350;0.000;0.030;0.110;0.020;0.000;0.480;0.010;0.000;0.000;0.000;0.000;0.000;0.000;0.000
GH;2040;0.180;0.000;0.000;0.190;0.010;0.000;0.610;0.010;0.000;0.000;0.000;0.000;0.000;0.000;0.000
GH;2050;0.100;0.000;0.000;0.190;0.000;0.000;0.710;0.000;0.000;0.000;0.000;0.000;0.000;0.000;0.000
GM;2015;0.000;0.000;0.000;0.010;0.000;0.000;0.000;0.990;0.000;0.000;0.000;0.000;0.000;0.000;0.000
GM;2016;0.000;0.000;0.000;0.010;0.000;0.000;0.000;0.990;0.000;0.000;0.000;0.000;0.000;0.000;0.000
GM;2020;0.000;0.000;0.000;0.020;0.000;0.000;0.000;0.980;0.000;0.000;0.000;0.000;0.000;0.000;0.000
GM;2025;0.950;0.000;0.000;0.020;0.000;0.000;0.000;0.030;0.000;0.000;0.000;0.000;0.000;0.000;0.000
GM;2030;0.950;0.000;0.000;0.040;0.000;0.000;0.000;0.010;0.000;0.000;0.000;0.000;0.000;0.000;0.000
GM;2040;0.900;0.000;0.000;0.100;0.000;0.000;0.000;0.000;0.000;0.000;0.000;0.000;0.000;0.000;0.000
GM;2050;0.810;0.000;0.000;0.180;0.000;0.000;0.010;0.000;0.000;0.000;0.000;0.000;0.000;0.000;0.000
GN;2015;0.440;0.000;0.000;0.000;0.000;0.000;0.000;0.560;0.000;0.000;0.000;0.000;0.000;0.000;0.000
GN;2016;0.300;0.000;0.000;0.000;0.000;0.000;0.000;0.700;0.000;0.000;0.000;0.000;0.000;0.000;0.000
GN;2020;0.500;0.000;0.000;0.010;0.000;0.000;0.000;0.490;0.000;0.000;0.000;0.000;0.000;0.000;0.000
GN;2025;0.940;0.000;0.000;0.010;0.000;0.000;0.000;0.050;0.000;0.000;0.000;0.000;0.000;0.000;0.000
GN;2030;0.980;0.000;0.000;0.010;0.000;0.000;0.000;0.020;0.000;0.000;0.000;0.000;0.000;0.000;0.000
GN;2040;1.000;0.000;0.000;0.000;0.000;0.000;0.000;0.000;0.000;0.000;0.000;0.000;0.000;0.000;0.000
GN;2050;0.860;0.000;0.000;0.140;0.000;0.000;0.000;0.000;0.000;0.000;0.000;0.000;0.000;0.000;0.000
GQ;2015;0.360;0.000;0.600;0.000;0.000;0.000;0.000;0.040;0.000;0.000;0.000;0.000;0.000;0.000;0.000
GQ;2016;0.360;0.000;0.490;0.000;0.000;0.000;0.000;0.150;0.000;0.000;0.000;0.000;0.000;0.000;0.000
GQ;2020;0.210;0.000;0.770;0.000;0.000;0.000;0.000;0.020;0.000;0.000;0.000;0.000;0.000;0.000;0.000
GQ;2025;0.140;0.000;0.840;0.000;0.000;0.000;0.000;0.010;0.000;0.000;0.000;0.000;0.000;0.000;0.000
GQ;2030;0.100;0.000;0.890;0.000;0.000;0.000;0.000;0.010;0.000;0.000;0.000;0.000;0.000;0.000;0.000
GQ;2040;0.530;0.000;0.470;0.000;0.000;0.000;0.000;0.000;0.000;0.000;0.000;0.000;0.000;0.000;0.000
GQ;2050;0.580;0.000;0.220;0.200;0.000;0.000;0.000;0.000;0.000;0.000;0.000;0.000;0.000;0.000;0.000
GR;2000;0.070;0.000;0.110;0.000;0.010;0.000;0.640;0.170;0.000;0.000;0.000;0.000;0.000;0.000;0.000
GR;2005;0.080;0.000;0.140;0.000;0.020;0.000;0.600;0.150;0.000;0.000;0.000;0.000;0.000;0.000;0.000
GR;2010;0.130;0.000;0.170;0.000;0.050;0.010;0.540;0.110;0.000;0.000;0.000;0.000;0.000;0.000;0.000
GR;2015;0.110;0.000;0.170;0.070;0.070;0.000;0.490;0.090;0.000;0.000;0.000;0.000;0.000;0.000;0.000
GR;2016;0.110;0.000;0.190;0.070;0.070;0.000;0.470;0.090;0.000;0.000;0.000;0.000;0.000;0.000;0.000
GR;2020;0.100;0.000;0.240;0.080;0.090;0.010;0.390;0.090;0.000;0.000;0.000;0.000;0.000;0.000;0.000
GR;2025;0.089;0.000;0.144;0.170;0.141;0.000;0.440;0.000;0.015;0.000;0.000;0.000;0.000;0.000;0.000
GR;2030;0.127;0.000;0.045;0.199;0.263;0.000;0.327;0.000;0.040;0.000;0.000;0.000;0.000;0.000;0.000
GR;2040;0.080;0.000;0.295;0.214;0.331;0.000;0.044;0.000;0.036;0.000;0.000;0.000;0.000;0.000;0.000
GW;2015;0.000;0.000;0.000;0.000;0.000;0.000;0.000;1.000;0.000;0.000;0.000;0.000;0.000;0.000;0.000
GW;2016;0.000;0.000;0.000;0.000;0.000;0.000;0.000;1.000;0.000;0.000;0.000;0.000;0.000;0.000;0.000
GW;2020;0.000;0.000;0.000;0.330;0.000;0.000;0.000;0.670;0.000;0.000;0.000;0.000;0.000;0.000;0.000
GW;2025;0.710;0.000;0.000;0.250;0.000;0.000;0.000;0.040;0.000;0.000;0.000;0.000;0.000;0.000;0.000
GW;2030;0.660;0.000;0.000;0.320;0.000;0.000;0.000;0.020;0.000;0.000;0.000;0.000;0.000;0.000;0.000
GW;2040;0.500;0.000;0.000;0.500;0.000;0.000;0.000;0.000;0.000;0.000;0.000;0.000;0.000;0.000;0.000
GW;2050;0.180;0.000;0.000;0.320;0.000;0.000;0.500;0.000;0.000;0.000;0.000;0.000;0.000;0.000;0.000
HR;2000;0.550;0.000;0.150;0.000;0.000;0.000;0.150;0.160;0.000;0.000;0.000;0.000;0.000;0.000;0.000
HR;2005;0.510;0.000;0.150;0.000;0.000;0.000;0.190;0.150;0.000;0.000;0.000;0.000;0.000;0.000;0.000
HR;2010;0.590;0.000;0.180;0.000;0.010;0.000;0.170;0.040;0.000;0.000;0.000;0.000;0.000;0.000;0.000
HR;2015;0.510;0.000;0.190;0.010;0.050;0.010;0.220;0.010;0.000;0.000;0.000;0.000;0.000;0.000;0.000
HR;2016;0.500;0.000;0.200;0.010;0.050;0.010;0.220;0.010;0.000;0.000;0.000;0.000;0.000;0.000;0.000
HR;2020;0.450;0.000;0.290;0.000;0.050;0.020;0.190;0.000;0.000;0.000;0.000;0.000;0.000;0.000;0.000
HR;2025;0.504;0.000;0.070;0.053;0.204;0.000;0.006;0.000;0.130;0.032;0.000;0.000;0.000;0.000;0.000
HR;2030;0.514;0.000;0.001;0.057;0.217;0.000;0.000;0.000;0.188;0.023;0.000;0.000;0.000;0.000;0.000
HR;2040;0.344;0.000;0.034;0.129;0.318;0.000;0.000;0.000;0.156;0.019;0.000;0.000;0.000;0.000;0.000
HU;2000;0.010;0.400;0.190;0.000;0.000;0.000;0.270;0.130;0.000;0.000;0.000;0.000;0.000;0.000;0.000
HU;2005;0.010;0.390;0.350;0.000;0.000;0.050;0.200;0.010;0.000;0.000;0.000;0.000;0.000;0.000;0.000
HU;2010;0.010;0.420;0.310;0.000;0.010;0.070;0.170;0.010;0.000;0.000;0.000;0.000;0.000;0.000;0.000
HU;2015;0.010;0.550;0.120;0.000;0.020;0.070;0.230;0.000;0.000;0.000;0.000;0.000;0.000;0.000;0.000
HU;2016;0.010;0.530;0.160;0.000;0.020;0.070;0.210;0.000;0.000;0.000;0.000;0.000;0.000;0.000;0.000
HU;2020;0.010;0.450;0.290;0.000;0.030;0.070;0.150;0.000;0.000;0.000;0.000;0.000;0.000;0.000;0.000
HU;2025;0.009;0.488;0.010;0.189;0.024;0.000;0.207;0.000;0.046;0.027;0.000;0.000;0.000;0.000;0.000
HU;2030;0.006;0.755;0.000;0.177;0.000;0.000;0.000;0.000;0.042;0.020;0.000;0.000;0.000;0.000;0.000
HU;2040;0.009;0.607;0.022;0.275;0.000;0.000;0.000;0.000;0.059;0.029;0.000;0.000;0.000;0.000;0.000
IE;2000;0.040;0.000;0.390;0.000;0.010;0.000;0.360;0.200;0.000;0.000;0.000;0.000;0.000;0.000;0.000
IE;2005;0.020;0.000;0.450;0.000;0.040;0.010;0.340;0.130;0.000;0.000;0.000;0.000;0.000;0.000;0.000
IE;2010;0.020;0.000;0.620;0.000;0.100;0.010;0.220;0.020;0.000;0.000;0.000;0.000;0.000;0.000;0.000
IE;2015;0.030;0.000;0.470;0.000;0.230;0.020;0.250;0.000;0.000;0.000;0.000;0.000;0.000;0.000;0.000
IE;2016;0.030;0.000;0.460;0.000;0.250;0.020;0.240;0.000;0.000;0.000;0.000;0.000;0.000;0.000;0.000
IE;2020;0.030;0.000;0.400;0.000;0.350;0.020;0.200;0.000;0.000;0.000;0.000;0.000;0.000;0.000;0.000
IE;2025;0.028;0.000;0.406;0.003;0.371;0.000;0.161;0.000;0.012;0.019;0.000;0.000;0.000;0.000;0.000
IE;2030;0.023;0.000;0.289;0.008;0.581;0.000;0.061;0.000;0.020;0.018;0.000;0.000;0.000;0.000;0.000
IE;2040;0.025;0.000;0.162;0.024;0.761;0.000;0.009;0.000;0.010;0.011;0.000;0.000;0.000;0.000;0.000
IN;2015;0.100;0.030;0.050;0.000;0.030;0.020;0.750;0.020;0.000;0.000;0.000;0.000;0.000;0.000;0.000
IN;2016;0.090;0.030;0.050;0.000;0.030;0.020;0.760;0.020;0.000;0.000;0.000;0.000;0.000;0.000;0.000
IN;2020;0.090;0.030;0.060;0.040;0.050;0.020;0.700;0.010;0.000;0.000;0.000;0.000;0.000;0.000;0.000
IN;2025;0.080;0.040;0.060;0.070;0.060;0.020;0.660;0.010;0.000;0.000;0.000;0.000;0.000;0.000;0.000
IN;2030;0.080;0.040;0.070;0.100;0.070;0.020;0.610;0.010;0.000;0.000;0.000;0.000;0.000;0.000;0.000
IN;2040;0.070;0.040;0.070;0.120;0.080;0.020;0.600;0.000;0.000;0.000;0.000;0.000;0.000;0.000;0.000
IN;2050;0.060;0.040;0.070;0.140;0.080;0.020;0.590;0.000;0.000;0.000;0.000;0.000;0.000;0.000;0.000
IN;2000;0.130;0.030;0.100;0.000;0.000;0.020;0.670;0.050;0.000;0.000;0.000;0.000;0.000;0.000;0.000
IT;2000;0.160;0.000;0.390;0.000;0.000;0.010;0.100;0.320;0.020;0.000;0.000;0.000;0.000;0.000;0.000
IT;2005;0.120;0.000;0.530;0.000;0.010;0.020;0.150;0.160;0.020;0.000;0.000;0.000;0.000;0.000;0.000
IT;2010;0.170;0.000;0.530;0.010;0.030;0.040;0.130;0.070;0.020;0.000;0.000;0.000;0.000;0.000;0.000
IT;2015;0.210;0.000;0.540;0.080;0.140;0.000;0.010;0.020;0.000;0.000;0.000;0.000;0.000;0.000;0.000
IT;2016;0.190;0.000;0.570;0.080;0.140;0.000;0.010;0.010;0.000;0.000;0.000;0.000;0.000;0.000;0.000
IT;2020;0.150;0.000;0.650;0.080;0.120;0.000;0.000;0.000;0.000;0.000;0.000;0.000;0.000;0.000;0.000
IT;2025;0.131;0.000;0.400;0.143;0.088;0.000;0.043;0.000;0.084;0.111;0.000;0.000;0.000;0.000;0.000
IT;2030;0.166;0.000;0.226;0.259;0.170;0.000;0.000;0.000;0.084;0.095;0.000;0.000;0.000;0.000;0.000
IT;2040;0.132;0.000;0.274;0.255;0.194;0.000;0.000;0.000;0.069;0.077;0.000;0.000;0.000;0.000;0.000
IS;2000;0.830;0.000;0.000;0.000;0.000;0.000;0.000;0.000;0.170;0.000;0.000;0.000;0.000;0.000;0.000
IS;2005;0.810;0.000;0.000;0.000;0.000;0.000;0.000;0.000;0.190;0.000;0.000;0.000;0.000;0.000;0.000
IS;2010;0.740;0.000;0.000;0.000;0.000;0.000;0.000;0.000;0.260;0.000;0.000;0.000;0.000;0.000;0.000
IS;2015;0.730;0.000;0.000;0.000;0.000;0.000;0.000;0.000;0.270;0.000;0.000;0.000;0.000;0.000;0.000
IS;2020;0.700;0.000;0.000;0.000;0.000;0.000;0.000;0.000;0.300;0.000;0.000;0.000;0.000;0.000;0.000
IS;2050;0.600;0.000;0.000;0.000;0.000;0.000;0.000;0.000;0.400;0.000;0.000;0.000;0.000;0.000;0.000
JP;2015;0.080;0.010;0.410;0.030;0.000;0.040;0.330;0.100;0.000;0.000;0.000;0.000;0.000;0.000;0.000
JP;2016;0.080;0.020;0.400;0.040;0.010;0.040;0.330;0.080;0.000;0.000;0.000;0.000;0.000;0.000;0.000
JP;2020;0.090;0.100;0.350;0.060;0.010;0.050;0.280;0.060;0.000;0.000;0.000;0.000;0.000;0.000;0.000
JP;2025;0.100;0.220;0.270;0.090;0.020;0.050;0.210;0.030;0.010;0.000;0.000;0.000;0.000;0.000;0.000
JP;2030;0.130;0.260;0.290;0.110;0.050;0.060;0.080;0.010;0.010;0.000;0.000;0.000;0.000;0.000;0.000
JP;2040;0.160;0.330;0.100;0.150;0.140;0.070;0.020;0.000;0.030;0.000;0.000;0.000;0.000;0.000;0.000
JP;2050;0.180;0.340;0.000;0.170;0.200;0.070;0.000;0.000;0.040;0.000;0.000;0.000;0.000;0.000;0.000
JP;2000;0.090;0.310;0.250;0.000;0.000;0.010;0.210;0.130;0.000;0.000;0.000;0.000;0.000;0.000;0.000
JP;2005;0.080;0.280;0.230;0.000;0.000;0.010;0.270;0.120;0.000;0.000;0.000;0.000;0.000;0.000;0.000
JP;2010;0.080;0.250;0.280;0.000;0.000;0.010;0.270;0.080;0.000;0.010;0.000;0.000;0.000;0.000;0.000
KE;2015;0.390;0.000;0.000;0.000;0.010;0.050;0.000;0.390;0.150;0.000;0.000;0.000;0.000;0.000;0.000
KE;2016;0.370;0.000;0.000;0.000;0.010;0.040;0.000;0.420;0.140;0.000;0.000;0.000;0.000;0.000;0.000
KE;2020;0.250;0.000;0.000;0.030;0.160;0.030;0.000;0.180;0.350;0.000;0.000;0.000;0.000;0.000;0.000
KE;2025;0.140;0.000;0.000;0.050;0.170;0.010;0.090;0.040;0.500;0.000;0.000;0.000;0.000;0.000;0.000
KE;2030;0.110;0.000;0.000;0.050;0.350;0.000;0.100;0.020;0.370;0.000;0.000;0.000;0.000;0.000;0.000
KE;2040;0.050;0.000;0.000;0.230;0.530;0.000;0.040;0.000;0.150;0.000;0.000;0.000;0.000;0.000;0.000
KE;2050;0.030;0.000;0.000;0.260;0.580;0.000;0.050;0.000;0.080;0.000;0.000;0.000;0.000;0.000;0.000
LR;2015;0.030;0.000;0.000;0.000;0.000;0.000;0.000;0.970;0.000;0.000;0.000;0.000;0.000;0.000;0.000
LR;2016;0.030;0.000;0.000;0.000;0.000;0.000;0.000;0.970;0.000;0.000;0.000;0.000;0.000;0.000;0.000
LR;2020;0.180;0.000;0.000;0.110;0.000;0.000;0.000;0.720;0.000;0.000;0.000;0.000;0.000;0.000;0.000
LR;2025;0.930;0.000;0.000;0.040;0.000;0.000;0.000;0.030;0.000;0.000;0.000;0.000;0.000;0.000;0.000
LR;2030;0.930;0.000;0.000;0.050;0.000;0.000;0.000;0.020;0.000;0.000;0.000;0.000;0.000;0.000;0.000
LR;2040;0.910;0.000;0.000;0.090;0.000;0.000;0.000;0.010;0.000;0.000;0.000;0.000;0.000;0.000;0.000
LR;2050;0.720;0.000;0.000;0.280;0.000;0.000;0.000;0.000;0.000;0.000;0.000;0.000;0.000;0.000;0.000
LS;2015;0.990;0.000;0.000;0.000;0.000;0.000;0.000;0.010;0.000;0.000;0.000;0.000;0.000;0.000;0.000
LS;2016;0.990;0.000;0.000;0.000;0.000;0.000;0.000;0.010;0.000;0.000;0.000;0.000;0.000;0.000;0.000
LS;2020;0.990;0.000;0.000;0.000;0.000;0.000;0.000;0.010;0.000;0.000;0.000;0.000;0.000;0.000;0.000
LS;2025;0.780;0.000;0.000;0.220;0.000;0.000;0.000;0.000;0.000;0.000;0.000;0.000;0.000;0.000;0.000
LS;2030;0.370;0.000;0.000;0.630;0.000;0.000;0.000;0.000;0.000;0.000;0.000;0.000;0.000;0.000;0.000
LS;2040;0.120;0.000;0.000;0.880;0.000;0.000;0.000;0.000;0.000;0.000;0.000;0.000;0.000;0.000;0.000
LS;2050;0.120;0.000;0.000;0.880;0.000;0.000;0.000;0.000;0.000;0.000;0.000;0.000;0.000;0.000;0.000
LT;2000;0.030;0.760;0.150;0.000;0.000;0.000;0.000;0.060;0.000;0.000;0.000;0.000;0.000;0.000;0.000
LT;2005;0.030;0.720;0.220;0.000;0.000;0.000;0.000;0.030;0.000;0.000;0.000;0.000;0.000;0.000;0.000
LT;2010;0.110;0.000;0.690;0.000;0.040;0.030;0.000;0.130;0.000;0.000;0.000;0.000;0.000;0.000;0.000
LT;2015;0.090;0.000;0.590;0.010;0.140;0.130;0.000;0.040;0.000;0.000;0.000;0.000;0.000;0.000;0.000
LT;2016;0.080;0.000;0.620;0.010;0.130;0.130;0.000;0.030;0.000;0.000;0.000;0.000;0.000;0.000;0.000
LT;2020;0.070;0.000;0.680;0.010;0.120;0.120;0.000;0.000;0.000;0.000;0.000;0.000;0.000;0.000;0.000
LT;2025;0.121;0.000;0.000;0.027;0.383;0.000;0.000;0.000;0.275;0.195;0.000;0.000;0.000;0.000;0.000
LT;2030;0.124;0.000;0.012;0.082;0.513;0.000;0.000;0.000;0.156;0.114;0.000;0.000;0.000;0.000;0.000
LT;2040;0.091;0.000;0.022;0.072;0.625;0.000;0.000;0.000;0.111;0.080;0.000;0.000;0.000;0.000;0.000
LU;2000;0.290;0.000;0.510;0.000;0.060;0.130;0.000;0.000;0.000;0.000;0.000;0.000;0.000;0.000;0.000
LU;2005;0.030;0.000;0.930;0.010;0.020;0.020;0.000;0.000;0.000;0.000;0.000;0.000;0.000;0.000;0.000
LU;2010;0.030;0.000;0.900;0.010;0.020;0.040;0.000;0.000;0.000;0.000;0.000;0.000;0.000;0.000;0.000
LU;2015;0.040;0.000;0.830;0.040;0.030;0.060;0.000;0.000;0.000;0.000;0.000;0.000;0.000;0.000;0.000
LU;2016;0.040;0.000;0.800;0.040;0.060;0.060;0.000;0.000;0.000;0.000;0.000;0.000;0.000;0.000;0.000
LU;2020;0.050;0.000;0.690;0.040;0.160;0.060;0.000;0.000;0.000;0.000;0.000;0.000;0.000;0.000;0.000
LU;2025;0.183;0.000;0.000;0.124;0.406;0.000;0.000;0.000;0.124;0.164;0.000;0.000;0.000;0.000;0.000
LU;2030;0.364;0.000;0.000;0.170;0.338;0.000;0.000;0.000;0.083;0.045;0.000;0.000;0.000;0.000;0.000
LU;2040;0.272;0.000;0.000;0.339;0.281;0.000;0.000;0.000;0.070;0.038;0.000;0.000;0.000;0.000;0.000
LV;2000;0.680;0.000;0.270;0.000;0.000;0.000;0.020;0.030;0.000;0.000;0.000;0.000;0.000;0.000;0.000
LV;2005;0.680;0.000;0.300;0.000;0.010;0.010;0.000;0.000;0.000;0.000;0.000;0.000;0.000;0.000;0.000
LV;2010;0.530;0.000;0.450;0.000;0.010;0.010;0.000;0.000;0.000;0.000;0.000;0.000;0.000;0.000;0.000
LV;2015;0.520;0.000;0.360;0.000;0.020;0.090;0.010;0.000;0.000;0.000;0.000;0.000;0.000;0.000;0.000
LV;2016;0.510;0.000;0.350;0.000;0.040;0.090;0.010;0.000;0.000;0.000;0.000;0.000;0.000;0.000;0.000
LV;2020;0.470;0.000;0.310;0.000;0.100;0.100;0.020;0.000;0.000;0.000;0.000;0.000;0.000;0.000;0.000
LV;2025;0.604;0.000;0.287;0.003;0.106;0.000;0.000;0.000;0.000;0.000;0.000;0.000;0.000;0.000;0.000
LV;2030;0.642;0.000;0.118;0.013;0.227;0.000;0.000;0.000;0.000;0.000;0.000;0.000;0.000;0.000;0.000
LV;2040;0.310;0.000;0.005;0.165;0.520;0.000;0.000;0.000;0.000;0.000;0.000;0.000;0.000;0.000;0.000
LY;2015;0.000;0.000;0.820;0.000;0.000;0.000;0.000;0.180;0.000;0.000;0.000;0.000;0.000;0.000;0.000
LY;2016;0.000;0.000;0.530;0.000;0.000;0.000;0.000;0.470;0.000;0.000;0.000;0.000;0.000;0.000;0.000
LY;2020;0.000;0.000;0.580;0.010;0.000;0.000;0.000;0.410;0.000;0.000;0.000;0.000;0.000;0.000;0.000
LY;2025;0.000;0.000;0.760;0.090;0.030;0.010;0.000;0.110;0.000;0.000;0.000;0.000;0.000;0.000;0.000
LY;2030;0.000;0.000;0.720;0.130;0.070;0.010;0.000;0.070;0.000;0.000;0.000;0.000;0.000;0.000;0.000
LY;2040;0.000;0.000;0.500;0.150;0.340;0.010;0.000;0.000;0.000;0.000;0.000;0.000;0.000;0.000;0.000
LY;2050;0.000;0.000;0.310;0.170;0.510;0.010;0.000;0.000;0.000;0.000;0.000;0.000;0.000;0.000;0.000
MA;2015;0.110;0.000;0.180;0.010;0.030;0.000;0.420;0.250;0.000;0.000;0.000;0.000;0.000;0.000;0.000
MA;2016;0.110;0.000;0.180;0.010;0.030;0.000;0.420;0.250;0.000;0.000;0.000;0.000;0.000;0.000;0.000
MA;2020;0.110;0.000;0.050;0.060;0.030;0.000;0.690;0.050;0.000;0.000;0.000;0.000;0.000;0.000;0.000
MA;2025;0.160;0.000;0.020;0.200;0.080;0.040;0.480;0.030;0.000;0.000;0.000;0.000;0.000;0.000;0.000
MA;2030;0.150;0.000;0.150;0.240;0.080;0.060;0.320;0.020;0.000;0.000;0.000;0.000;0.000;0.000;0.000
MA;2040;0.130;0.000;0.060;0.270;0.080;0.040;0.420;0.000;0.000;0.000;0.000;0.000;0.000;0.000;0.000
MA;2050;0.090;0.000;0.020;0.310;0.080;0.040;0.460;0.000;0.000;0.000;0.000;0.000;0.000;0.000;0.000
ML;2015;0.110;0.000;0.000;0.000;0.000;0.000;0.000;0.890;0.000;0.000;0.000;0.000;0.000;0.000;0.000
ML;2016;0.100;0.000;0.000;0.000;0.000;0.000;0.000;0.900;0.000;0.000;0.000;0.000;0.000;0.000;0.000
ML;2020;0.260;0.000;0.000;0.370;0.000;0.000;0.000;0.370;0.000;0.000;0.000;0.000;0.000;0.000;0.000
ML;2025;0.510;0.000;0.000;0.440;0.000;0.000;0.000;0.050;0.000;0.000;0.000;0.000;0.000;0.000;0.000
ML;2030;0.370;0.000;0.000;0.610;0.000;0.000;0.000;0.020;0.000;0.000;0.000;0.000;0.000;0.000;0.000
ML;2040;0.110;0.000;0.000;0.660;0.000;0.000;0.230;0.000;0.000;0.000;0.000;0.000;0.000;0.000;0.000
ML;2050;0.050;0.000;0.000;0.610;0.000;0.000;0.340;0.000;0.000;0.000;0.000;0.000;0.000;0.000;0.000
MR;2015;0.120;0.000;0.000;0.020;0.070;0.000;0.000;0.800;0.000;0.000;0.000;0.000;0.000;0.000;0.000
MR;2016;0.110;0.000;0.000;0.030;0.060;0.000;0.000;0.800;0.000;0.000;0.000;0.000;0.000;0.000;0.000
MR;2020;0.110;0.000;0.620;0.060;0.040;0.000;0.000;0.170;0.000;0.000;0.000;0.000;0.000;0.000;0.000
MR;2025;0.070;0.000;0.680;0.080;0.120;0.000;0.000;0.050;0.000;0.000;0.000;0.000;0.000;0.000;0.000
MR;2030;0.070;0.000;0.620;0.170;0.110;0.000;0.000;0.030;0.000;0.000;0.000;0.000;0.000;0.000;0.000
MR;2040;0.040;0.000;0.650;0.180;0.130;0.000;0.000;0.000;0.000;0.000;0.000;0.000;0.000;0.000;0.000
MR;2050;0.020;0.000;0.650;0.220;0.110;0.000;0.000;0.000;0.000;0.000;0.000;0.000;0.000;0.000;0.000
MT;2000;0.000;0.000;0.000;0.000;0.000;0.000;0.000;1.000;0.000;0.000;0.000;0.000;0.000;0.000;0.000
MT;2005;0.000;0.000;0.000;0.000;0.000;0.000;0.000;1.000;0.000;0.000;0.000;0.000;0.000;0.000;0.000
MT;2010;0.000;0.000;0.000;0.000;0.000;0.000;0.000;1.000;0.000;0.000;0.000;0.000;0.000;0.000;0.000
MT;2015;0.000;0.000;0.000;0.070;0.000;0.000;0.930;0.000;0.000;0.000;0.000;0.000;0.000;0.000;0.000
MT;2016;0.000;0.000;0.260;0.090;0.000;0.000;0.650;0.000;0.000;0.000;0.000;0.000;0.000;0.000;0.000
MT;2020;0.000;0.000;0.870;0.130;0.000;0.000;0.000;0.000;0.000;0.000;0.000;0.000;0.000;0.000;0.000
MT;2025;0.000;0.000;0.880;0.120;0.000;0.000;0.000;0.000;0.000;0.000;0.000;0.000;0.000;0.000;0.000
MT;2030;0.000;0.000;0.870;0.130;0.000;0.000;0.000;0.000;0.000;0.000;0.000;0.000;0.000;0.000;0.000
MT;2040;0.000;0.000;0.790;0.200;0.000;0.010;0.000;0.000;0.000;0.000;0.000;0.000;0.000;0.000;0.000
MT;2050;0.000;0.000;0.780;0.170;0.030;0.020;0.000;0.000;0.000;0.000;0.000;0.000;0.000;0.000;0.000
MW;2015;0.730;0.000;0.000;0.010;0.000;0.060;0.000;0.200;0.000;0.000;0.000;0.000;0.000;0.000;0.000
MW;2016;0.730;0.000;0.000;0.010;0.000;0.060;0.000;0.200;0.000;0.000;0.000;0.000;0.000;0.000;0.000
MW;2020;0.870;0.000;0.000;0.010;0.000;0.060;0.000;0.050;0.000;0.000;0.000;0.000;0.000;0.000;0.000
MW;2025;0.930;0.000;0.000;0.010;0.000;0.030;0.000;0.040;0.000;0.000;0.000;0.000;0.000;0.000;0.000
MW;2030;0.430;0.000;0.000;0.330;0.000;0.010;0.230;0.010;0.000;0.000;0.000;0.000;0.000;0.000;0.000
MW;2040;0.150;0.000;0.000;0.800;0.000;0.000;0.050;0.000;0.000;0.000;0.000;0.000;0.000;0.000;0.000
MW;2050;0.090;0.000;0.000;0.870;0.000;0.000;0.040;0.000;0.000;0.000;0.000;0.000;0.000;0.000;0.000
MZ;2015;0.920;0.000;0.070;0.000;0.000;0.000;0.000;0.010;0.000;0.000;0.000;0.000;0.000;0.000;0.000
MZ;2016;0.920;0.000;0.070;0.000;0.000;0.000;0.000;0.010;0.000;0.000;0.000;0.000;0.000;0.000;0.000
MZ;2020;0.920;0.000;0.070;0.000;0.000;0.000;0.000;0.010;0.000;0.000;0.000;0.000;0.000;0.000;0.000
MZ;2025;0.940;0.000;0.050;0.000;0.000;0.000;0.000;0.010;0.000;0.000;0.000;0.000;0.000;0.000;0.000
MZ;2030;0.220;0.000;0.100;0.000;0.000;0.000;0.680;0.000;0.000;0.000;0.000;0.000;0.000;0.000;0.000
MZ;2040;0.120;0.000;0.080;0.320;0.000;0.000;0.470;0.000;0.000;0.000;0.000;0.000;0.000;0.000;0.000
MZ;2050;0.070;0.000;0.050;0.590;0.000;0.000;0.290;0.000;0.000;0.000;0.000;0.000;0.000;0.000;0.000
NE;2015;0.000;0.000;0.000;0.000;0.000;0.000;0.220;0.780;0.000;0.000;0.000;0.000;0.000;0.000;0.000
NE;2016;0.000;0.000;0.000;0.000;0.000;0.000;0.220;0.780;0.000;0.000;0.000;0.000;0.000;0.000;0.000
NE;2020;0.180;0.000;0.520;0.140;0.000;0.000;0.090;0.060;0.000;0.000;0.000;0.000;0.000;0.000;0.000
NE;2025;0.330;0.000;0.350;0.190;0.000;0.000;0.130;0.010;0.000;0.000;0.000;0.000;0.000;0.000;0.000
NE;2030;0.270;0.000;0.340;0.300;0.000;0.000;0.090;0.010;0.000;0.000;0.000;0.000;0.000;0.000;0.000
NE;2040;0.120;0.000;0.400;0.450;0.000;0.000;0.030;0.000;0.000;0.000;0.000;0.000;0.000;0.000;0.000
NE;2050;0.060;0.000;0.430;0.510;0.000;0.000;0.000;0.000;0.000;0.000;0.000;0.000;0.000;0.000;0.000
NG;2015;0.270;0.000;0.650;0.000;0.000;0.000;0.000;0.070;0.000;0.000;0.000;0.000;0.000;0.000;0.000
NG;2016;0.270;0.000;0.440;0.000;0.000;0.000;0.000;0.280;0.000;0.000;0.000;0.000;0.000;0.000;0.000
NG;2020;0.150;0.000;0.680;0.030;0.000;0.000;0.000;0.140;0.000;0.000;0.000;0.000;0.000;0.000;0.000
NG;2025;0.150;0.000;0.560;0.090;0.000;0.010;0.180;0.020;0.000;0.000;0.000;0.000;0.000;0.000;0.000
NG;2030;0.180;0.000;0.490;0.110;0.000;0.010;0.200;0.010;0.000;0.000;0.000;0.000;0.000;0.000;0.000
NG;2040;0.130;0.000;0.600;0.160;0.000;0.000;0.100;0.000;0.000;0.000;0.000;0.000;0.000;0.000;0.000
NG;2050;0.100;0.000;0.630;0.210;0.000;0.000;0.050;0.000;0.000;0.000;0.000;0.000;0.000;0.000;0.000
NL;2000;0.000;0.040;0.610;0.000;0.010;0.040;0.270;0.030;0.000;0.000;0.000;0.000;0.000;0.000;0.000
NL;2005;0.000;0.040;0.610;0.000;0.020;0.070;0.230;0.020;0.000;0.000;0.000;0.000;0.000;0.000;0.000
NL;2010;0.000;0.030;0.660;0.000;0.030;0.070;0.190;0.010;0.000;0.000;0.000;0.000;0.000;0.000;0.000
NL;2015;0.000;0.040;0.530;0.010;0.070;0.000;0.270;0.010;0.080;0.000;0.000;0.000;0.000;0.000;0.000
NL;2016;0.000;0.040;0.490;0.020;0.100;0.000;0.260;0.010;0.090;0.000;0.000;0.000;0.000;0.000;0.000
NL;2020;0.000;0.030;0.380;0.040;0.230;0.000;0.190;0.000;0.130;0.000;0.000;0.000;0.000;0.000;0.000
NL;2025;0.001;0.030;0.218;0.083;0.322;0.000;0.183;0.000;0.017;0.145;0.000;0.000;0.000;0.000;0.000
NL;2030;0.001;0.017;0.114;0.151;0.519;0.000;0.076;0.000;0.015;0.108;0.000;0.000;0.000;0.000;0.000
NL;2040;0.001;0.000;0.034;0.131;0.684;0.000;0.052;0.000;0.013;0.084;0.000;0.000;0.000;0.000;0.000
NM;2015;0.820;0.000;0.000;0.040;0.000;0.000;0.090;0.050;0.000;0.000;0.000;0.000;0.000;0.000;0.000
NM;2016;0.810;0.000;0.000;0.050;0.000;0.000;0.090;0.040;0.000;0.000;0.000;0.000;0.000;0.000;0.000
NM;2020;0.800;0.000;0.000;0.060;0.010;0.000;0.090;0.040;0.000;0.000;0.000;0.000;0.000;0.000;0.000
NM;2025;0.750;0.000;0.000;0.140;0.010;0.000;0.070;0.030;0.000;0.000;0.000;0.000;0.000;0.000;0.000
NM;2030;0.420;0.000;0.260;0.280;0.000;0.000;0.030;0.010;0.000;0.000;0.000;0.000;0.000;0.000;0.000
NM;2040;0.430;0.000;0.290;0.270;0.000;0.000;0.010;0.000;0.000;0.000;0.000;0.000;0.000;0.000;0.000
NM;2050;0.270;0.000;0.300;0.430;0.000;0.000;0.000;0.000;0.000;0.000;0.000;0.000;0.000;0.000;0.000
NO;2000;0.990;0.000;0.000;0.000;0.000;0.000;0.000;0.000;0.000;0.000;0.000;0.000;0.000;0.000;0.000
NO;2005;0.990;0.000;0.000;0.000;0.010;0.000;0.000;0.000;0.000;0.000;0.000;0.000;0.000;0.000;0.000
NO;2010;0.960;0.000;0.020;0.000;0.020;0.000;0.000;0.000;0.000;0.000;0.000;0.000;0.000;0.000;0.000
NO;2015;0.962;0.000;0.019;0.000;0.017;0.001;0.000;0.001;0.000;0.000;0.000;0.000;0.000;0.000;0.000
NO;2016;0.962;0.000;0.019;0.000;0.017;0.001;0.000;0.001;0.000;0.000;0.000;0.000;0.000;0.000;0.000
NO;2020;0.908;0.000;0.018;0.000;0.068;0.007;0.000;0.000;0.000;0.000;0.000;0.000;0.000;0.000;0.000
NO;2025;0.903;0.000;0.000;0.000;0.079;0.000;0.000;0.000;0.003;0.014;0.000;0.000;0.000;0.000;0.000
NO;2030;0.903;0.000;0.000;0.003;0.081;0.000;0.000;0.000;0.003;0.011;0.000;0.000;0.000;0.000;0.000
NO;2040;0.827;0.000;0.000;0.005;0.154;0.000;0.000;0.000;0.003;0.012;0.000;0.000;0.000;0.000;0.000
PL;2000;0.010;0.000;0.020;0.000;0.000;0.000;0.950;0.010;0.000;0.000;0.000;0.000;0.000;0.000;0.000
PL;2005;0.010;0.000;0.040;0.000;0.000;0.010;0.920;0.020;0.000;0.000;0.000;0.000;0.000;0.000;0.000
PL;2010;0.020;0.000;0.040;0.000;0.010;0.040;0.870;0.020;0.000;0.000;0.000;0.000;0.000;0.000;0.000
PL;2015;0.010;0.000;0.020;0.000;0.060;0.060;0.850;0.000;0.000;0.000;0.000;0.000;0.000;0.000;0.000
PL;2016;0.010;0.000;0.030;0.000;0.060;0.060;0.840;0.000;0.000;0.000;0.000;0.000;0.000;0.000;0.000
PL;2020;0.010;0.000;0.050;0.000;0.060;0.060;0.820;0.000;0.000;0.000;0.000;0.000;0.000;0.000;0.000
PL;2025;0.022;0.000;0.074;0.018;0.096;0.000;0.604;0.000;0.024;0.162;0.000;0.000;0.000;0.000;0.000
PL;2030;0.027;0.000;0.070;0.042;0.195;0.000;0.463;0.000;0.036;0.166;0.000;0.000;0.000;0.000;0.000
PL;2040;0.025;0.144;0.070;0.091;0.351;0.000;0.102;0.000;0.052;0.165;0.000;0.000;0.000;0.000;0.000
PT;2000;0.260;0.000;0.170;0.000;0.000;0.040;0.340;0.190;0.000;0.000;0.000;0.000;0.000;0.000;0.000
PT;2005;0.100;0.000;0.290;0.000;0.040;0.040;0.330;0.190;0.000;0.000;0.000;0.000;0.000;0.000;0.000
PT;2010;0.300;0.000;0.280;0.000;0.170;0.050;0.130;0.060;0.000;0.000;0.000;0.000;0.000;0.000;0.000
PT;2015;0.190;0.000;0.190;0.010;0.230;0.060;0.300;0.020;0.000;0.000;0.000;0.000;0.000;0.000;0.000
PT;2016;0.240;0.000;0.190;0.010;0.230;0.060;0.250;0.020;0.000;0.000;0.000;0.000;0.000;0.000;0.000
PT;2020;0.390;0.000;0.180;0.020;0.240;0.060;0.070;0.040;0.000;0.000;0.000;0.000;0.000;0.000;0.000
PT;2025;0.240;0.000;0.217;0.136;0.244;0.000;0.000;0.000;0.096;0.066;0.000;0.000;0.000;0.000;0.000
PT;2030;0.279;0.000;0.006;0.229;0.351;0.000;0.000;0.000;0.080;0.054;0.000;0.000;0.000;0.000;0.000
PT;2040;0.206;0.000;0.023;0.270;0.406;0.000;0.000;0.000;0.064;0.032;0.000;0.000;0.000;0.000;0.000
RER;2000;0.120;0.310;0.170;0.000;0.010;0.020;0.310;0.060;0.000;0.000;0.000;0.000;0.000;0.000;0.000
RER;2005;0.090;0.300;0.210;0.000;0.020;0.030;0.290;0.040;0.000;0.000;0.000;0.000;0.000;0.000;0.000
RER;2010;0.110;0.280;0.240;0.010;0.040;0.040;0.250;0.030;0.000;0.000;0.000;0.000;0.000;0.000;0.000
RER;2015;0.110;0.270;0.170;0.030;0.080;0.060;0.260;0.010;0.000;0.000;0.000;0.000;0.000;0.000;0.000
RER;2016;0.110;0.270;0.170;0.030;0.080;0.060;0.260;0.010;0.000;0.000;0.000;0.000;0.000;0.000;0.000
RER;2020;0.120;0.260;0.170;0.040;0.120;0.060;0.220;0.010;0.000;0.000;0.000;0.000;0.000;0.000;0.000
RER;2025;0.110;0.210;0.200;0.060;0.150;0.070;0.190;0.010;0.000;0.000;0.000;0.000;0.000;0.000;0.000
RER;2030;0.110;0.220;0.190;0.070;0.170;0.080;0.160;0.010;0.000;0.000;0.000;0.000;0.000;0.000;0.000
RER;2040;0.110;0.200;0.250;0.080;0.180;0.100;0.090;0.000;0.000;0.000;0.000;0.000;0.000;0.000;0.000
RER;2050;0.100;0.180;0.210;0.110;0.240;0.100;0.060;0.000;0.000;0.000;0.000;0.000;0.000;0.000;0.000
RO;2000;0.290;0.110;0.170;0.000;0.000;0.000;0.370;0.070;0.000;0.000;0.000;0.000;0.000;0.000;0.000
RO;2005;0.340;0.090;0.170;0.000;0.000;0.000;0.370;0.030;0.000;0.000;0.000;0.000;0.000;0.000;0.000
RO;2010;0.330;0.190;0.120;0.000;0.010;0.000;0.340;0.010;0.000;0.000;0.000;0.000;0.000;0.000;0.000
RO;2015;0.230;0.180;0.120;0.030;0.100;0.010;0.320;0.010;0.000;0.000;0.000;0.000;0.000;0.000;0.000
RO;2016;0.240;0.170;0.130;0.030;0.090;0.010;0.320;0.010;0.000;0.000;0.000;0.000;0.000;0.000;0.000
RO;2020;0.230;0.170;0.150;0.030;0.090;0.010;0.310;0.010;0.000;0.000;0.000;0.000;0.000;0.000;0.000
RO;2025;0.193;0.147;0.129;0.035;0.103;0.000;0.374;0.000;0.019;0.000;0.000;0.000;0.000;0.000;0.000
RO;2030;0.239;0.241;0.049;0.051;0.153;0.000;0.225;0.000;0.041;0.000;0.000;0.000;0.000;0.000;0.000
RO;2040;0.174;0.252;0.121;0.104;0.260;0.000;0.056;0.000;0.034;0.000;0.000;0.000;0.000;0.000;0.000
RU;2015;0.160;0.190;0.490;0.000;0.000;0.000;0.150;0.010;0.000;0.000;0.000;0.000;0.000;0.000;0.000
RU;2016;0.170;0.180;0.510;0.000;0.000;0.000;0.130;0.010;0.000;0.000;0.000;0.000;0.000;0.000;0.000
RU;2020;0.170;0.190;0.490;0.000;0.000;0.000;0.140;0.010;0.000;0.000;0.000;0.000;0.000;0.000;0.000
RU;2025;0.170;0.190;0.480;0.000;0.000;0.000;0.150;0.010;0.000;0.000;0.000;0.000;0.000;0.000;0.000
RU;2030;0.180;0.180;0.480;0.000;0.000;0.010;0.150;0.000;0.000;0.000;0.000;0.000;0.000;0.000;0.000
RU;2040;0.180;0.200;0.440;0.000;0.010;0.020;0.140;0.000;0.010;0.000;0.000;0.000;0.000;0.000;0.000
RU;2050;0.200;0.230;0.400;0.000;0.010;0.020;0.130;0.000;0.010;0.000;0.000;0.000;0.000;0.000;0.000
RW;2015;0.650;0.000;0.010;0.030;0.000;0.030;0.210;0.090;0.000;0.000;0.000;0.000;0.000;0.000;0.000
RW;2016;0.760;0.000;0.010;0.030;0.000;0.030;0.050;0.110;0.000;0.000;0.000;0.000;0.000;0.000;0.000
RW;2020;0.150;0.000;0.720;0.010;0.000;0.000;0.030;0.090;0.000;0.000;0.000;0.000;0.000;0.000;0.000
RW;2025;0.420;0.000;0.350;0.010;0.000;0.000;0.030;0.020;0.170;0.000;0.000;0.000;0.000;0.000;0.000
RW;2030;0.100;0.000;0.280;0.070;0.000;0.000;0.010;0.000;0.530;0.000;0.000;0.000;0.000;0.000;0.000
RW;2040;0.060;0.000;0.140;0.390;0.000;0.000;0.000;0.000;0.410;0.000;0.000;0.000;0.000;0.000;0.000
RW;2050;0.030;0.000;0.250;0.480;0.000;0.000;0.000;0.000;0.240;0.000;0.000;0.000;0.000;0.000;0.000
SD;2015;0.560;0.000;0.000;0.000;0.000;0.080;0.000;0.360;0.000;0.000;0.000;0.000;0.000;0.000;0.000
SD;2016;0.490;0.000;0.000;0.000;0.000;0.070;0.000;0.430;0.000;0.000;0.000;0.000;0.000;0.000;0.000
SD;2020;0.660;0.000;0.000;0.000;0.000;0.080;0.000;0.250;0.000;0.000;0.000;0.000;0.000;0.000;0.000
SD;2025;0.280;0.000;0.590;0.000;0.000;0.010;0.000;0.070;0.040;0.000;0.000;0.000;0.000;0.000;0.000
SD;2030;0.280;0.000;0.570;0.020;0.000;0.010;0.000;0.040;0.080;0.000;0.000;0.000;0.000;0.000;0.000
SD;2040;0.180;0.000;0.180;0.270;0.000;0.000;0.340;0.000;0.030;0.000;0.000;0.000;0.000;0.000;0.000
SD;2050;0.130;0.000;0.020;0.420;0.000;0.000;0.400;0.000;0.020;0.000;0.000;0.000;0.000;0.000;0.000
SE;2000;0.540;0.390;0.010;0.000;0.000;0.030;0.010;0.010;0.000;0.000;0.000;0.000;0.000;0.000;0.000
SE;2005;0.460;0.460;0.010;0.000;0.010;0.050;0.010;0.010;0.000;0.000;0.000;0.000;0.000;0.000;0.000
SE;2010;0.450;0.390;0.030;0.000;0.020;0.090;0.010;0.010;0.000;0.000;0.000;0.000;0.000;0.000;0.000
SE;2015;0.460;0.360;0.000;0.000;0.080;0.090;0.010;0.000;0.000;0.000;0.000;0.000;0.000;0.000;0.000
SE;2016;0.450;0.350;0.010;0.000;0.080;0.100;0.010;0.000;0.000;0.000;0.000;0.000;0.000;0.000;0.000
SE;2020;0.440;0.310;0.040;0.000;0.090;0.110;0.010;0.000;0.000;0.000;0.000;0.000;0.000;0.000;0.000
SE;2025;0.429;0.277;0.000;0.011;0.208;0.000;0.000;0.000;0.075;0.000;0.000;0.000;0.000;0.000;0.000
SE;2030;0.484;0.069;0.000;0.023;0.344;0.000;0.000;0.000;0.081;0.000;0.000;0.000;0.000;0.000;0.000
SE;2040;0.385;0.000;0.000;0.037;0.507;0.000;0.000;0.000;0.071;0.000;0.000;0.000;0.000;0.000;0.000
SI;2000;0.280;0.350;0.020;0.000;0.000;0.010;0.340;0.000;0.000;0.000;0.000;0.000;0.000;0.000;0.000
SI;2005;0.230;0.390;0.020;0.000;0.000;0.010;0.350;0.000;0.000;0.000;0.000;0.000;0.000;0.000;0.000
SI;2010;0.280;0.350;0.030;0.000;0.000;0.010;0.330;0.000;0.000;0.000;0.000;0.000;0.000;0.000;0.000
SI;2015;0.290;0.360;0.000;0.020;0.000;0.010;0.320;0.000;0.000;0.000;0.000;0.000;0.000;0.000;0.000
SI;2016;0.300;0.350;0.000;0.020;0.000;0.010;0.320;0.000;0.000;0.000;0.000;0.000;0.000;0.000;0.000
SI;2020;0.270;0.340;0.010;0.020;0.020;0.020;0.320;0.000;0.000;0.000;0.000;0.000;0.000;0.000;0.000
SI;2025;0.193;0.277;0.054;0.028;0.002;0.000;0.350;0.000;0.023;0.074;0.000;0.000;0.000;0.000;0.000
SI;2030;0.189;0.273;0.037;0.135;0.014;0.000;0.253;0.000;0.023;0.075;0.000;0.000;0.000;0.000;0.000
SI;2040;0.190;0.225;0.037;0.325;0.029;0.000;0.111;0.000;0.020;0.064;0.000;0.000;0.000;0.000;0.000
SK;2000;0.150;0.540;0.130;0.000;0.000;0.000;0.180;0.010;0.000;0.000;0.000;0.000;0.000;0.000;0.000
SK;2005;0.150;0.570;0.080;0.000;0.000;0.000;0.180;0.020;0.000;0.000;0.000;0.000;0.000;0.000;0.000
SK;2010;0.190;0.530;0.100;0.000;0.000;0.030;0.130;0.020;0.000;0.000;0.000;0.000;0.000;0.000;0.000
SK;2015;0.180;0.540;0.060;0.020;0.000;0.040;0.150;0.010;0.000;0.000;0.000;0.000;0.000;0.000;0.000
SK;2016;0.170;0.550;0.060;0.020;0.000;0.050;0.150;0.000;0.000;0.000;0.000;0.000;0.000;0.000;0.000
SK;2020;0.160;0.590;0.030;0.020;0.000;0.060;0.140;0.000;0.000;0.000;0.000;0.000;0.000;0.000;0.000
SK;2025;0.166;0.613;0.033;0.020;0.003;0.000;0.114;0.000;0.035;0.015;0.000;0.000;0.000;0.000;0.000
SK;2030;0.177;0.619;0.029;0.022;0.007;0.000;0.089;0.000;0.039;0.017;0.000;0.000;0.000;0.000;0.000
SK;2040;0.190;0.613;0.041;0.028;0.017;0.000;0.040;0.000;0.050;0.021;0.000;0.000;0.000;0.000;0.000
SL;2015;0.070;0.000;0.000;0.000;0.000;0.000;0.000;0.930;0.000;0.000;0.000;0.000;0.000;0.000;0.000
SL;2016;0.080;0.000;0.000;0.000;0.000;0.000;0.000;0.920;0.000;0.000;0.000;0.000;0.000;0.000;0.000
SL;2020;0.120;0.000;0.000;0.220;0.000;0.070;0.000;0.590;0.000;0.000;0.000;0.000;0.000;0.000;0.000
SL;2025;0.720;0.000;0.000;0.230;0.000;0.020;0.000;0.040;0.000;0.000;0.000;0.000;0.000;0.000;0.000
SL;2030;0.720;0.000;0.000;0.260;0.000;0.010;0.000;0.020;0.000;0.000;0.000;0.000;0.000;0.000;0.000
SL;2040;0.570;0.000;0.000;0.430;0.000;0.000;0.000;0.000;0.000;0.000;0.000;0.000;0.000;0.000;0.000
SL;2050;0.380;0.000;0.000;0.510;0.000;0.000;0.110;0.000;0.000;0.000;0.000;0.000;0.000;0.000;0.000
SN;2015;0.070;0.000;0.000;0.000;0.000;0.000;0.040;0.890;0.000;0.000;0.000;0.000;0.000;0.000;0.000
SN;2016;0.060;0.000;0.000;0.010;0.000;0.000;0.040;0.880;0.000;0.000;0.000;0.000;0.000;0.000;0.000
SN;2020;0.110;0.000;0.000;0.130;0.020;0.000;0.020;0.720;0.000;0.000;0.000;0.000;0.000;0.000;0.000
SN;2025;0.650;0.000;0.000;0.180;0.020;0.000;0.030;0.120;0.000;0.000;0.000;0.000;0.000;0.000;0.000
SN;2030;0.680;0.000;0.000;0.200;0.020;0.000;0.020;0.090;0.000;0.000;0.000;0.000;0.000;0.000;0.000
SN;2040;0.280;0.000;0.000;0.210;0.010;0.000;0.490;0.010;0.000;0.000;0.000;0.000;0.000;0.000;0.000
SN;2050;0.140;0.000;0.000;0.240;0.000;0.000;0.620;0.000;0.000;0.000;0.000;0.000;0.000;0.000;0.000
SO;2015;0.000;0.000;0.000;0.010;0.040;0.000;0.000;0.960;0.000;0.000;0.000;0.000;0.000;0.000;0.000
SO;2016;0.000;0.000;0.000;0.010;0.040;0.000;0.000;0.960;0.000;0.000;0.000;0.000;0.000;0.000;0.000
SO;2020;0.000;0.000;0.000;0.160;0.010;0.000;0.000;0.830;0.000;0.000;0.000;0.000;0.000;0.000;0.000
SO;2025;0.000;0.000;0.000;0.450;0.440;0.000;0.080;0.020;0.000;0.000;0.000;0.000;0.000;0.000;0.000
SO;2030;0.000;0.000;0.000;0.610;0.310;0.000;0.060;0.010;0.000;0.000;0.000;0.000;0.000;0.000;0.000
SO;2040;0.000;0.000;0.000;0.820;0.140;0.000;0.040;0.000;0.000;0.000;0.000;0.000;0.000;0.000;0.000
SO;2050;0.000;0.000;0.000;0.790;0.160;0.000;0.050;0.000;0.000;0.000;0.000;0.000;0.000;0.000;0.000
SS;2015;0.000;0.000;0.000;0.000;0.000;0.000;0.000;1.000;0.000;0.000;0.000;0.000;0.000;0.000;0.000
SS;2016;0.000;0.000;0.000;0.000;0.000;0.000;0.000;1.000;0.000;0.000;0.000;0.000;0.000;0.000;0.000
SS;2020;0.000;0.000;0.990;0.000;0.000;0.000;0.000;0.010;0.000;0.000;0.000;0.000;0.000;0.000;0.000
SS;2025;0.000;0.000;0.770;0.000;0.000;0.000;0.000;0.000;0.230;0.000;0.000;0.000;0.000;0.000;0.000
SS;2030;0.000;0.000;0.470;0.000;0.000;0.000;0.000;0.000;0.530;0.000;0.000;0.000;0.000;0.000;0.000
SS;2040;0.000;0.000;0.570;0.000;0.000;0.000;0.000;0.000;0.430;0.000;0.000;0.000;0.000;0.000;0.000
SS;2050;0.000;0.000;0.330;0.420;0.000;0.000;0.000;0.000;0.250;0.000;0.000;0.000;0.000;0.000;0.000
SZ;2015;0.560;0.000;0.000;0.000;0.000;0.440;0.000;0.000;0.000;0.000;0.000;0.000;0.000;0.000;0.000
SZ;2016;0.560;0.000;0.000;0.000;0.000;0.440;0.000;0.000;0.000;0.000;0.000;0.000;0.000;0.000;0.000
SZ;2020;0.560;0.000;0.000;0.000;0.000;0.440;0.000;0.000;0.000;0.000;0.000;0.000;0.000;0.000;0.000
SZ;2025;0.710;0.000;0.000;0.000;0.000;0.290;0.000;0.000;0.000;0.000;0.000;0.000;0.000;0.000;0.000
SZ;2030;0.080;0.000;0.000;0.120;0.000;0.020;0.790;0.000;0.000;0.000;0.000;0.000;0.000;0.000;0.000
SZ;2040;0.040;0.000;0.000;0.310;0.000;0.000;0.660;0.000;0.000;0.000;0.000;0.000;0.000;0.000;0.000
SZ;2050;0.020;0.000;0.000;0.550;0.000;0.000;0.430;0.000;0.000;0.000;0.000;0.000;0.000;0.000;0.000
TD;2015;0.000;0.000;0.000;0.000;0.000;0.000;0.000;1.000;0.000;0.000;0.000;0.000;0.000;0.000;0.000
TD;2016;0.000;0.000;0.000;0.000;0.010;0.000;0.000;0.990;0.000;0.000;0.000;0.000;0.000;0.000;0.000
TD;2020;0.000;0.000;0.000;0.190;0.000;0.000;0.000;0.800;0.000;0.000;0.000;0.000;0.000;0.000;0.000
TD;2025;0.000;0.000;0.000;0.190;0.760;0.000;0.000;0.050;0.000;0.000;0.000;0.000;0.000;0.000;0.000
TD;2030;0.000;0.000;0.000;0.410;0.570;0.000;0.000;0.020;0.000;0.000;0.000;0.000;0.000;0.000;0.000
TD;2040;0.000;0.000;0.000;0.390;0.610;0.000;0.000;0.000;0.000;0.000;0.000;0.000;0.000;0.000;0.000
TD;2050;0.000;0.000;0.000;0.270;0.670;0.000;0.060;0.000;0.000;0.000;0.000;0.000;0.000;0.000;0.000
TG;2015;0.720;0.000;0.000;0.010;0.000;0.000;0.000;0.270;0.000;0.000;0.000;0.000;0.000;0.000;0.000
TG;2016;0.720;0.000;0.000;0.010;0.000;0.000;0.000;0.270;0.000;0.000;0.000;0.000;0.000;0.000;0.000
TG;2020;0.840;0.000;0.000;0.010;0.000;0.000;0.000;0.150;0.000;0.000;0.000;0.000;0.000;0.000;0.000
TG;2025;0.650;0.000;0.020;0.140;0.000;0.000;0.150;0.040;0.000;0.000;0.000;0.000;0.000;0.000;0.000
TG;2030;0.230;0.000;0.010;0.070;0.000;0.000;0.680;0.010;0.000;0.000;0.000;0.000;0.000;0.000;0.000
TG;2040;0.160;0.000;0.010;0.140;0.000;0.000;0.690;0.000;0.000;0.000;0.000;0.000;0.000;0.000;0.000
TG;2050;0.080;0.000;0.000;0.290;0.000;0.000;0.620;0.000;0.000;0.000;0.000;0.000;0.000;0.000;0.000
TN;2015;0.010;0.000;0.560;0.000;0.050;0.000;0.000;0.380;0.000;0.000;0.000;0.000;0.000;0.000;0.000
TN;2016;0.010;0.000;0.580;0.000;0.050;0.000;0.000;0.360;0.000;0.000;0.000;0.000;0.000;0.000;0.000
TN;2020;0.010;0.000;0.540;0.000;0.050;0.000;0.000;0.390;0.000;0.000;0.000;0.000;0.000;0.000;0.000
TN;2025;0.010;0.000;0.290;0.090;0.180;0.000;0.220;0.210;0.000;0.000;0.000;0.000;0.000;0.000;0.000
TN;2030;0.010;0.050;0.350;0.130;0.230;0.000;0.140;0.090;0.000;0.000;0.000;0.000;0.000;0.000;0.000
TN;2040;0.010;0.040;0.040;0.270;0.380;0.000;0.260;0.010;0.000;0.000;0.000;0.000;0.000;0.000;0.000
TN;2050;0.000;0.070;0.000;0.260;0.380;0.000;0.270;0.010;0.000;0.000;0.000;0.000;0.000;0.000;0.000
TZ;2015;0.440;0.000;0.150;0.000;0.000;0.040;0.030;0.340;0.000;0.000;0.000;0.000;0.000;0.000;0.000
TZ;2016;0.420;0.000;0.140;0.000;0.000;0.040;0.030;0.370;0.000;0.000;0.000;0.000;0.000;0.000;0.000
TZ;2020;0.470;0.000;0.150;0.000;0.000;0.040;0.030;0.290;0.010;0.000;0.000;0.000;0.000;0.000;0.000
TZ;2025;0.650;0.000;0.060;0.000;0.000;0.010;0.210;0.060;0.010;0.000;0.000;0.000;0.000;0.000;0.000
TZ;2030;0.710;0.000;0.020;0.000;0.000;0.000;0.130;0.020;0.120;0.000;0.000;0.000;0.000;0.000;0.000
TZ;2040;0.280;0.000;0.000;0.410;0.000;0.000;0.190;0.000;0.120;0.000;0.000;0.000;0.000;0.000;0.000
TZ;2050;0.130;0.000;0.000;0.640;0.000;0.000;0.180;0.000;0.050;0.000;0.000;0.000;0.000;0.000;0.000
UG;2015;0.870;0.000;0.000;0.010;0.000;0.080;0.000;0.040;0.000;0.000;0.000;0.000;0.000;0.000;0.000
UG;2016;0.870;0.000;0.000;0.020;0.000;0.070;0.000;0.040;0.000;0.000;0.000;0.000;0.000;0.000;0.000
UG;2020;0.710;0.000;0.180;0.010;0.000;0.030;0.000;0.070;0.000;0.000;0.000;0.000;0.000;0.000;0.000
UG;2025;0.870;0.000;0.090;0.010;0.000;0.020;0.000;0.020;0.000;0.000;0.000;0.000;0.000;0.000;0.000
UG;2030;0.630;0.000;0.160;0.010;0.000;0.010;0.000;0.010;0.190;0.000;0.000;0.000;0.000;0.000;0.000
UG;2040;0.480;0.000;0.090;0.310;0.000;0.000;0.000;0.000;0.120;0.000;0.000;0.000;0.000;0.000;0.000
UG;2050;0.390;0.000;0.070;0.470;0.000;0.000;0.000;0.000;0.070;0.000;0.000;0.000;0.000;0.000;0.000
UK;2000;0.010;0.230;0.400;0.000;0.000;0.010;0.320;0.020;0.000;0.000;0.000;0.000;0.000;0.000;0.000
UK;2005;0.010;0.210;0.390;0.000;0.010;0.030;0.340;0.010;0.000;0.000;0.000;0.000;0.000;0.000;0.000
UK;2010;0.010;0.160;0.470;0.000;0.030;0.040;0.280;0.010;0.000;0.000;0.000;0.000;0.000;0.000;0.000
US;2015;0.060;0.200;0.340;0.010;0.060;0.010;0.300;0.010;0.000;0.010;0.000;0.000;0.000;0.000;0.000
US;2016;0.060;0.200;0.340;0.010;0.060;0.010;0.300;0.010;0.000;0.010;0.000;0.000;0.000;0.000;0.000
US;2020;0.080;0.180;0.330;0.030;0.080;0.010;0.280;0.000;0.000;0.010;0.000;0.000;0.000;0.000;0.000
US;2025;0.018;0.163;0.162;0.051;0.292;0.000;0.077;0.000;0.100;0.135;0.000;0.000;0.000;0.000;0.000
US;2030;0.039;0.171;0.040;0.063;0.485;0.000;0.028;0.000;0.112;0.063;0.000;0.000;0.000;0.000;0.000
US;2040;0.026;0.158;0.039;0.073;0.572;0.000;0.009;0.000;0.087;0.035;0.000;0.000;0.000;0.000;0.000
US;2000;0.070;0.200;0.160;0.000;0.000;0.010;0.530;0.030;0.000;0.010;0.000;0.000;0.000;0.000;0.000
US;2005;0.070;0.190;0.180;0.000;0.000;0.010;0.500;0.030;0.000;0.010;0.000;0.000;0.000;0.000;0.000
ZA;2015;0.040;0.060;0.000;0.010;0.010;0.000;0.860;0.020;0.000;0.000;0.000;0.000;0.000;0.000;0.000
ZA;2016;0.040;0.050;0.000;0.020;0.020;0.000;0.850;0.020;0.000;0.000;0.000;0.000;0.000;0.000;0.000
ZA;2020;0.040;0.050;0.000;0.020;0.030;0.000;0.830;0.020;0.000;0.000;0.000;0.000;0.000;0.000;0.000
ZA;2025;0.030;0.050;0.000;0.020;0.020;0.000;0.860;0.010;0.000;0.000;0.000;0.000;0.000;0.000;0.000
ZA;2030;0.040;0.050;0.000;0.050;0.020;0.000;0.830;0.010;0.000;0.000;0.000;0.000;0.000;0.000;0.000
ZA;2040;0.030;0.040;0.000;0.170;0.010;0.000;0.750;0.000;0.000;0.000;0.000;0.000;0.000;0.000;0.000
ZA;2050;0.030;0.000;0.000;0.240;0.000;0.000;0.730;0.000;0.000;0.000;0.000;0.000;0.000;0.000;0.000
ZM;2015;0.950;0.000;0.000;0.000;0.000;0.020;0.010;0.030;0.000;0.000;0.000;0.000;0.000;0.000;0.000
ZM;2016;0.950;0.000;0.000;0.000;0.000;0.020;0.010;0.030;0.000;0.000;0.000;0.000;0.000;0.000;0.000
ZM;2020;0.850;0.000;0.000;0.000;0.000;0.010;0.120;0.020;0.000;0.000;0.000;0.000;0.000;0.000;0.000
ZM;2025;0.860;0.000;0.000;0.050;0.000;0.010;0.070;0.010;0.000;0.000;0.000;0.000;0.000;0.000;0.000
ZM;2030;0.620;0.000;0.000;0.320;0.000;0.000;0.050;0.010;0.000;0.000;0.000;0.000;0.000;0.000;0.000
ZM;2040;0.470;0.000;0.000;0.490;0.000;0.000;0.040;0.000;0.000;0.000;0.000;0.000;0.000;0.000;0.000
ZM;2050;0.210;0.000;0.000;0.440;0.300;0.000;0.060;0.000;0.000;0.000;0.000;0.000;0.000;0.000;0.000
ZW;2015;0.260;0.000;0.000;0.000;0.000;0.030;0.710;0.000;0.000;0.000;0.000;0.000;0.000;0.000;0.000
ZW;2016;0.260;0.000;0.000;0.000;0.000;0.030;0.710;0.000;0.000;0.000;0.000;0.000;0.000;0.000;0.000
ZW;2020;0.320;0.000;0.000;0.000;0.000;0.030;0.650;0.000;0.000;0.000;0.000;0.000;0.000;0.000;0.000
ZW;2025;0.250;0.000;0.000;0.030;0.000;0.010;0.710;0.000;0.000;0.000;0.000;0.000;0.000;0.000;0.000
ZW;2030;0.170;0.000;0.000;0.150;0.000;0.000;0.680;0.000;0.000;0.000;0.000;0.000;0.000;0.000;0.000
ZW;2040;0.090;0.000;0.000;0.380;0.000;0.000;0.530;0.000;0.000;0.000;0.000;0.000;0.000;0.000;0.000
ZW;2050;0.060;0.000;0.000;0.450;0.000;0.000;0.490;0.000;0.000;0.000;0.000;0.000;0.000;0.000;0.000
